cycle,nb preys (ref),nb predators (ref),nb preys (target),nb predators (target),parameter Î±,parameter Î± action,helped obj,expected variation,obj preys nb criticality,obj predators nb criticality
0,250.0,45.0,240.0,45.0,0.03,-0.01,null,NaN,10.0,0.0
1,251.1388776538477,45.91446047327893,236.33186093459116,45.80063302686934,0.03,-0.01,null,NaN,10.0,0.0
2,252.04876931903559,46.85711071280046,232.53587327368828,46.58071944824272,0.03,-0.01,null,NaN,10.0,0.0
3,252.72018417791762,47.82668357960655,228.62504640781538,47.33758576799936,0.03,-0.01,null,NaN,10.0,0.0
4,253.14457166690897,48.82167509845898,224.61277976996084,48.06863882986649,0.03,-0.01,null,NaN,10.0,0.0
5,253.31446031838934,49.8403340549505,220.5127392296601,48.77138973776963,0.03,-0.01,null,NaN,10.0,0.0
6,253.2235926087832,50.88065403891832,216.33873228325822,49.443476569905776,0.03,0.0,null,NaN,36.88486032552498,1.4371774690125463
7,252.86705272279502,51.940368416309745,212.1045843715141,50.08268546273741,0.03,0.0,null,NaN,36.88486032552498,1.4371774690125463
8,252.2413839844037,53.01694869745737,207.82401857179195,50.68696968376612,0.03,0.0,null,NaN,36.88486032552498,1.4371774690125463
9,251.34469264105093,54.10760673607009,203.5105407593885,51.25446636618732,0.03,0.0,null,NaN,36.88486032552498,1.4371774690125463
10,250.17673473510138,55.20930113845625,199.17733211945165,51.78351064197786,0.03,0.0,null,NaN,36.88486032552498,1.4371774690125463
11,248.7389829690093,56.318748185832426,194.83715062841847,52.27264697986322,0.03,0.0,null,NaN,36.88486032552498,1.4371774690125463
12,247.03467077538798,57.43243747442512,190.50224282467394,52.720637607999144,0.019999999999999997,-0.01,null,NaN,56.53242795071404,4.711799866425977
13,245.0688112415075,58.546652360185355,184.33231449638382,53.11653594499862,0.019999999999999997,-0.01,null,NaN,56.53242795071404,4.711799866425977
14,242.84818910320502,59.65749516043943,178.2971733334192,53.450120917267334,0.019999999999999997,-0.01,null,NaN,56.53242795071404,4.711799866425977
15,240.3813247012035,60.760916918258395,172.40745836348037,53.721691540453875,0.019999999999999997,-0.01,null,NaN,56.53242795071404,4.711799866425977
16,237.67840956070302,61.85275138256969,166.67215599619578,53.931902222437174,0.019999999999999997,-0.01,null,NaN,56.53242795071404,4.711799866425977
17,234.751214082784,62.928752704914274,161.09865545451498,54.08173491942511,0.019999999999999997,-0.01,null,NaN,56.53242795071404,4.711799866425977
18,231.6129686875899,63.984636209767096,155.6928222488706,54.17246881714741,0.019999999999999997,0.0,null,NaN,75.92014643871929,9.812167392619685
19,228.27822058459085,65.0161214671443,150.45908606514712,54.20564838918781,0.019999999999999997,0.0,null,NaN,75.92014643871929,9.812167392619685
20,224.76266912319122,66.01897679111627,145.40053953434582,54.18305062602477,0.019999999999999997,0.0,null,NaN,75.92014643871929,9.812167392619685
21,221.08298335798705,66.98906421217876,140.51904455441084,54.10665215139329,0.019999999999999997,0.0,null,NaN,75.92014643871929,9.812167392619685
22,217.25660601186704,67.92238393013791,135.81534311680596,53.97859685319621,0.019999999999999997,0.0,null,NaN,75.92014643871929,9.812167392619685
23,213.30154840887488,68.81511725029422,131.28916992688596,53.80116455998799,0.019999999999999997,0.0,null,NaN,75.92014643871929,9.812167392619685
24,209.23618115845687,69.66366704018395,126.9393644747293,53.57674119595545,0.009999999999999997,-0.01,null,NaN,82.29681668372757,16.086925844228503
25,205.07902539521513,70.46469481562343,121.542727841396,53.30119612840448,0.009999999999999997,-0.01,null,NaN,82.29681668372757,16.086925844228503
26,200.84854921641062,71.21515366979708,116.41079374096523,52.97127473962407,0.009999999999999997,-0.01,null,NaN,82.29681668372757,16.086925844228503
27,196.56297362678208,71.91231639221401,111.5351948221254,52.59074638821038,0.009999999999999997,-0.01,null,NaN,82.29681668372757,16.086925844228503
28,192.24009181962836,72.55379827860925,106.90700948492989,52.16336109034026,0.009999999999999997,-0.01,null,NaN,82.29681668372757,16.086925844228503
29,187.8971050248046,73.13757430038599,102.51691943002095,51.692818125748964,0.009999999999999997,-0.01,null,NaN,82.29681668372757,16.086925844228503
30,183.5504774734057,73.66199047468243,98.35534868615945,51.18273951271474,0.009999999999999997,0.0,null,NaN,85.19512878724625,22.479250961967686
31,179.2158123027138,74.12576944548503,94.41258467638237,50.636648061551135,0.009999999999999997,0.0,null,NaN,85.19512878724625,22.479250961967686
32,174.9077494902031,74.52801044499208,90.67888222361606,50.05794965911505,0.009999999999999997,0.0,null,NaN,85.19512878724625,22.479250961967686
33,170.6398861958664,74.86818394638865,87.14455163454353,49.44991940229619,0.009999999999999997,0.0,null,NaN,85.19512878724625,22.479250961967686
34,166.42471923692452,75.14612143949802,83.80003215134202,48.815691182474296,0.009999999999999997,0.0,null,NaN,85.19512878724625,22.479250961967686
35,162.27360884093974,75.36200085621887,80.63595213991495,48.15825032178316,0.009999999999999997,0.0,null,NaN,85.19512878724625,22.479250961967686
36,158.19676233869046,75.51632824163822,77.64317740502882,47.48042887228405,0.009999999999999997,0.0,out_preys_number,-4.641543853584608,80.55358493366164,28.03589936935417
37,154.20323607590052,75.6099163091966,74.81284900043173,46.78490320778124,0.009999999999999997,0.0,out_preys_number,-4.641543853584608,80.55358493366164,28.03589936935417
38,150.30095354581675,75.64386053554888,72.1364118471908,46.07419356242198,0.009999999999999997,0.0,out_preys_number,-4.641543853584608,80.55358493366164,28.03589936935417
39,146.49673756962252,75.61951344519142,69.60563539592357,45.35066519824985,0.009999999999999997,0.0,out_preys_number,-4.641543853584608,80.55358493366164,28.03589936935417
40,142.7963542711305,75.53845770965624,67.21262747643173,44.61653091378335,0.009999999999999997,0.0,out_preys_number,-4.641543853584608,80.55358493366164,28.03589936935417
41,139.2045665951202,75.40247864474651,64.94984237798296,43.87385463611338,0.009999999999999997,0.0,out_preys_number,-4.641543853584608,80.55358493366164,28.03589936935417
42,135.72519519185633,75.21353663573197,62.81008410021385,43.124555868925235,0.009999999999999997,0.0,out_preys_number,-7.638473842019167,72.91511109164247,32.088980766806735
43,132.36118461955024,74.9737399584254,60.78650561217331,42.37041479751322,0.009999999999999997,0.0,out_preys_number,-7.638473842019167,72.91511109164247,32.088980766806735
44,129.11467298752456,74.68531839716178,58.872604858179024,41.61307787875913,0.009999999999999997,0.0,out_preys_number,-7.638473842019167,72.91511109164247,32.088980766806735
45,125.98706336206754,74.35059799206252,57.06221815583149,40.85406376887861,0.009999999999999997,0.0,out_preys_number,-7.638473842019167,72.91511109164247,32.088980766806735
46,122.97909547218546,73.97197718025579,55.34951154494391,40.09476946433009,0.009999999999999997,0.0,out_preys_number,-7.638473842019167,72.91511109164247,32.088980766806735
47,120.09091647312319,73.55190453111042,53.728970566972734,39.33647655158065,0.009999999999999997,0.0,out_preys_number,-7.638473842019167,72.91511109164247,32.088980766806735
48,117.32214974290251,73.09285821564104,52.19538888303442,38.58035747946337,0.009999999999999997,0.0,out_preys_number,-7.788350231774388,65.12676085986809,34.51250073617767
49,114.67196089444073,72.5973272962066,50.743856074716724,37.82748178373009,0.009999999999999997,0.0,out_preys_number,-7.788350231774388,65.12676085986809,34.51250073617767
50,112.13912037804961,72.06779487511861,49.36974491537339,37.078822207239796,0.009999999999999997,0.0,out_preys_number,-7.788350231774388,65.12676085986809,34.51250073617767
51,109.72206222294214,71.50672310011528,48.06869835001199,36.33526067117439,0.009999999999999997,0.0,out_preys_number,-7.788350231774388,65.12676085986809,34.51250073617767
52,107.41893861986826,70.91653999081467,46.836616378741724,35.59759406291568,0.009999999999999997,0.0,out_preys_number,-7.788350231774388,65.12676085986809,34.51250073617767
53,105.22767017944969,70.29962802297388,45.6696430014872,34.8665398149186,0.009999999999999997,0.0,out_preys_number,-7.788350231774388,65.12676085986809,34.51250073617767
54,103.14599181239309,69.65831438620555,44.564153349720186,34.14274125624453,0.009999999999999997,0.0,out_preys_number,-6.5449223971951795,58.581838462672906,35.51557312996102
55,101.17149426948174,68.99486281517687,43.51674110375343,33.42677272454061,0.009999999999999997,0.0,out_preys_number,-6.5449223971951795,58.581838462672906,35.51557312996102
56,99.30166145249939,68.31146688359259,42.524206271132215,32.71914443131331,0.009999999999999997,0.0,out_preys_number,-6.5449223971951795,58.581838462672906,35.51557312996102
57,97.53390366379742,67.61024464379173,41.58354338233769,32.02030707749001,0.009999999999999997,0.0,out_preys_number,-6.5449223971951795,58.581838462672906,35.51557312996102
58,95.86558700400067,66.89323449189195,40.69193014391452,31.33065621961742,0.009999999999999997,0.0,out_preys_number,-6.5449223971951795,58.581838462672906,35.51557312996102
59,94.29405915634379,66.16239213847415,39.84671657581634,30.650536389722795,0.009999999999999997,0.0,out_preys_number,-6.5449223971951795,58.581838462672906,35.51557312996102
60,92.81667181428995,65.41958856722283,39.045414648843725,29.980244973967054,0.009999999999999997,0.0,out_preys_number,-4.810581297226683,53.77125716544622,35.43934359325578
61,91.43080001823756,64.66660886819159,38.285688429180176,29.320035856835478,0.009999999999999997,0.0,out_preys_number,-4.810581297226683,53.77125716544622,35.43934359325578
62,90.13385866897924,63.90515183798388,37.56534472991126,28.670122838821573,0.009999999999999997,0.0,out_preys_number,-4.810581297226683,53.77125716544622,35.43934359325578
63,88.92331648165381,63.13683024571867,36.88232426376409,28.030682836429794,0.009999999999999997,0.0,out_preys_number,-4.810581297226683,53.77125716544622,35.43934359325578
64,87.7967076355743,62.36317167084958,36.23469328690387,27.40185887391368,0.009999999999999997,0.0,out_preys_number,-4.810581297226683,53.77125716544622,35.43934359325578
65,86.7516413636782,61.585619826435874,35.620635720259116,26.783762876526197,0.009999999999999997,0.0,out_preys_number,-4.810581297226683,53.77125716544622,35.43934359325578
66,85.7858097114054,60.80553628909606,35.03844573234485,26.17647827523072,0.009999999999999997,0.0,out_preys_number,-3.0238931863856635,50.74736397906056,34.62905801386534
67,84.8969936793965,60.024202564437935,34.48652076577421,25.580062432852177,0.009999999999999997,0.0,out_preys_number,-3.0238931863856635,50.74736397906056,34.62905801386534
68,84.08306794814523,59.24282242408574,33.963354988438006,24.9945489015435,0.009999999999999997,0.0,out_preys_number,-3.0238931863856635,50.74736397906056,34.62905801386534
69,83.34200436621218,58.462524457450236,33.46753314961421,24.419949521261934,0.009999999999999997,0.0,out_preys_number,-3.0238931863856635,50.74736397906056,34.62905801386534
70,82.6718743671857,57.684364788005816,32.997724820926486,23.85625636868839,0.009999999999999997,0.0,out_preys_number,-3.0238931863856635,50.74736397906056,34.62905801386534
71,82.0708504645922,56.90932991002151,32.552679002037,23.303443565711255,0.009999999999999997,0.0,out_preys_number,-3.0238931863856635,50.74736397906056,34.62905801386534
72,81.53720695863389,56.13833960740647,32.13121907116638,22.76146895624613,0.009999999999999997,0.0,out_preys_number,-1.3413760915930482,49.40598788746751,33.376870651160345
73,81.06931997413511,55.37224992156633,31.73223806092871,22.2302756597871,0.009999999999999997,0.0,out_preys_number,-1.3413760915930482,49.40598788746751,33.376870651160345
74,80.66566693549312,54.61185613992958,31.354694240507527,21.70979350969283,0.009999999999999997,0.0,out_preys_number,-1.3413760915930482,49.40598788746751,33.376870651160345
75,80.32482557183553,53.857895781100055,30.997606985839756,21.19994038381141,0.009999999999999997,0.0,out_preys_number,-1.3413760915930482,49.40598788746751,33.376870651160345
76,80.04547253398114,53.111051556448764,30.660052920194044,20.700623434645415,0.009999999999999997,0.0,out_preys_number,-1.3413760915930482,49.40598788746751,33.376870651160345
77,79.826381694196,52.3719542913943,30.341162308295843,20.211740225861607,0.009999999999999997,0.0,out_preys_number,-1.3413760915930482,49.40598788746751,33.376870651160345
78,79.66642219009482,51.641185792666285,30.04011568794976,19.733179781558327,0.009999999999999997,-0.0,out_preys_number,-0.2203186146775451,49.626306502145056,31.908006011107958
79,79.56455626531655,50.9192816505294,29.75614072392075,19.26482355432398,0.009999999999999997,-0.0,out_preys_number,-0.2203186146775451,49.626306502145056,31.908006011107958
80,79.51983695175798,50.206733967296294,29.488509269648198,18.806546317751792,0.009999999999999997,-0.0,out_preys_number,-0.2203186146775451,49.626306502145056,31.908006011107958
81,79.53140563111099,49.503994005505184,29.236534623170428,18.35821698872336,0.009999999999999997,-0.0,out_preys_number,-0.2203186146775451,49.626306502145056,31.908006011107958
82,79.59848950716616,48.81147475091201,28.999568964423883,17.919699384434868,0.009999999999999997,-0.0,out_preys_number,-0.2203186146775451,49.626306502145056,31.908006011107958
83,79.72039901474405,48.12955338697497,28.77700096184605,17.49085291881796,0.009999999999999997,-0.0,out_preys_number,-0.2203186146775451,49.626306502145056,31.908006011107958
84,79.89652518614285,47.458573678817125,28.56825353694839,17.071533242701317,0.009999999999999997,0.0,out_preys_number,-1.7019651470494068,51.32827164919446,30.387040436115807
85,80.1263369915787,46.79884826576417,28.372781776234515,16.66159283176951,0.009999999999999997,0.0,out_preys_number,-1.7019651470494068,51.32827164919446,30.387040436115807
86,80.4093786661876,46.15066086249418,28.190070980514506,16.26088152610203,0.009999999999999997,0.0,out_preys_number,-1.7019651470494068,51.32827164919446,30.387040436115807
87,80.745267032699,45.51426836962184,28.019634842309966,15.86924702481808,0.009999999999999997,0.0,out_preys_number,-1.7019651470494068,51.32827164919446,30.387040436115807
88,81.13368882583303,44.88990289519276,27.861013742655743,15.486535339110478,0.009999999999999997,0.0,out_preys_number,-1.7019651470494068,51.32827164919446,30.387040436115807
89,81.57439802176175,44.2777736890995,27.713773159179457,15.112591206724865,0.009999999999999997,0.0,out_preys_number,-1.7019651470494068,51.32827164919446,30.387040436115807
90,82.06721317357176,43.67806899286577,27.577502177886238,14.747258470726996,0.009999999999999997,-0.0,out_preys_number,-3.1614393464910577,54.48971099568552,28.93081052213877
91,82.61201475152735,43.09095780759213,27.45181210158649,14.390380425202293,0.009999999999999997,-0.0,out_preys_number,-3.1614393464910577,54.48971099568552,28.93081052213877
92,83.20874248502764,42.51659158312871,27.3363351483863,14.041800130344775,0.009999999999999997,-0.0,out_preys_number,-3.1614393464910577,54.48971099568552,28.93081052213877
93,83.85739270143829,41.95510583174735,27.23072323411111,13.701360699219116,0.009999999999999997,-0.0,out_preys_number,-3.1614393464910577,54.48971099568552,28.93081052213877
94,84.55801565543726,41.40662166973738,27.134646832954765,13.368905558316854,0.009999999999999997,-0.0,out_preys_number,-3.1614393464910577,54.48971099568552,28.93081052213877
95,85.31071284111191,40.87124729045449,27.047793911041403,13.044278683876776,0.009999999999999997,-0.0,out_preys_number,-3.1614393464910577,54.48971099568552,28.93081052213877
96,86.11563427776106,40.34907937241831,26.969868927956288,12.727324815798191,0.009999999999999997,0.0,out_preys_number,-4.656054354119256,59.145765349804776,27.621754556620118
97,86.97297575916832,39.840204426085755,26.900591901645264,12.417889650845089,0.009999999999999997,0.0,out_preys_number,-4.656054354119256,59.145765349804776,27.621754556620118
98,87.88297605500742,39.34470008293281,26.839697532403864,12.115820016716535,0.009999999999999997,0.0,out_preys_number,-4.656054354119256,59.145765349804776,27.621754556620118
99,88.84591405199227,38.862636330458386,26.78693438197522,11.820964028445593,0.009999999999999997,0.0,out_preys_number,-4.656054354119256,59.145765349804776,27.621754556620118
100,89.86210582139306,38.394076696686355,26.742064104054545,11.53317122848306,0.009999999999999997,0.0,out_preys_number,-4.656054354119256,59.145765349804776,27.621754556620118
101,90.93190159857838,37.93907938768808,26.704860722756745,11.252292711724488,0.009999999999999997,0.0,out_preys_number,-4.656054354119256,59.145765349804776,27.621754556620118
102,92.0556826593164,37.497698381581486,26.67510995584422,10.978181236647858,0.009999999999999997,-0.0,out_preys_number,-6.2348073536674065,65.38057270347218,26.51951714493363
103,93.23385807665801,37.06998448238391,26.652608579735784,10.71069132364411,0.009999999999999997,-0.0,out_preys_number,-6.2348073536674065,65.38057270347218,26.51951714493363
104,94.46686134132675,36.655986337009864,26.63716383352571,10.449679341544801,0.009999999999999997,-0.0,out_preys_number,-6.2348073536674065,65.38057270347218,26.51951714493363
105,95.75514682765744,36.255751418609,26.628592859435187,10.195003583277634,0.009999999999999997,-0.0,out_preys_number,-6.2348073536674065,65.38057270347218,26.51951714493363
106,97.09918608624363,35.86932697933724,26.62672217729784,9.946524331513032,0.009999999999999997,-0.0,out_preys_number,-6.2348073536674065,65.38057270347218,26.51951714493363
107,98.49946394357949,35.496760975545016,26.63138719084766,9.704103915102039,0.009999999999999997,-0.0,out_preys_number,-6.2348073536674065,65.38057270347218,26.51951714493363
108,99.95647438811741,35.13810296825078,26.64243172373263,9.467606757047301,0.009999999999999997,0.0,out_preys_number,-7.933469960912603,73.31404266438479,25.670496211203478
109,101.4707162213008,34.79340500164481,26.659707583321275,9.236899414694909,0.009999999999999997,0.0,out_preys_number,-7.933469960912603,73.31404266438479,25.670496211203478
110,103.04268845129216,34.46272246223862,26.683074150502303,9.011850612784356,0.009999999999999997,0.0,out_preys_number,-7.933469960912603,73.31404266438479,25.670496211203478
111,104.67288540628965,34.14611492113591,26.71239799380187,8.792331269947372,0.009999999999999997,0.0,out_preys_number,-7.933469960912603,73.31404266438479,25.670496211203478
112,106.36179154353684,33.843646961752675,26.74755250625813,8.578214519202923,0.009999999999999997,0.0,out_preys_number,-7.933469960912603,73.31404266438479,25.670496211203478
113,108.10987592937865,33.55538899515343,26.788417563599097,8.369375722955715,0.009999999999999997,0.0,out_preys_number,-7.933469960912603,73.31404266438479,25.670496211203478
114,109.91758636502497,33.2814180649972,26.83487920236963,8.165692482967854,0.009999999999999997,-0.0,out_preys_number,-9.768664498270553,83.08270716265534,25.11572558202934
115,111.78534313206555,33.0218186438958,26.886829316745214,7.967044645739251,0.009999999999999997,-0.0,out_preys_number,-9.768664498270553,83.08270716265534,25.11572558202934
116,113.71353233126051,32.776683422779115,26.944165372855547,7.773314303699538,0.009999999999999997,-0.0,out_preys_number,-9.768664498270553,83.08270716265534,25.11572558202934
117,115.70249878773141,32.54611409462866,27.00679013952095,7.584385792585226,0.009999999999999997,-0.0,out_preys_number,-9.768664498270553,83.08270716265534,25.11572558202934
118,117.75253849543645,32.33022213368432,27.07461143437811,7.400145685347466,0.009999999999999997,-0.0,out_preys_number,-9.768664498270553,83.08270716265534,25.11572558202934
119,119.86389057374993,32.129129570938694,27.147541884440315,7.220482782910555,0.009999999999999997,-0.0,out_preys_number,-9.768664498270553,83.08270716265534,25.11572558202934
120,122.03672870914232,31.942969766409743,27.225498700201182,7.04528810207731,0.009999999999999997,0.0,out_preys_number,-11.728522846285799,94.81123000894114,24.89768166433243
121,124.27115205539792,31.771888178314793,27.308403462450084,6.874454860855335,0.009999999999999997,0.0,out_preys_number,-11.728522846285799,94.81123000894114,24.89768166433243
122,126.56717556658371,31.616043128856315,27.396181921022666,6.707878461457663,0.009999999999999997,0.0,out_preys_number,-11.728522846285799,94.81123000894114,24.89768166433243
123,128.92471973814008,31.475606565859028,27.488763804760968,6.545456471212235,0.009999999999999997,0.0,out_preys_number,-11.728522846285799,94.81123000894114,24.89768166433243
124,131.34359973308702,31.350764818967843,27.586082642005298,6.387088601596883,0.009999999999999997,0.0,out_preys_number,-11.728522846285799,94.81123000894114,24.89768166433243
125,133.82351387248804,31.241719348512017,27.68807559098476,6.232676685600219,0.009999999999999997,0.0,out_preys_number,-11.728522846285799,94.81123000894114,24.89768166433243
126,136.36403147209145,31.14868748445874,27.79468327951365,6.0821246535933815,0.009999999999999997,-0.0,out_preys_number,-13.758118183636668,108.5693481925778,25.066562830865358
127,138.9645800105578,31.071903152105026,27.90584965344048,5.935338507883565,0.009999999999999997,-0.0,out_preys_number,-13.758118183636668,108.5693481925778,25.066562830865358
128,141.62443161900254,31.01161758028197,28.021521833331217,5.7922262961071365,0.009999999999999997,-0.0,out_preys_number,-13.758118183636668,108.5693481925778,25.066562830865358
129,144.3426888868424,30.968099986857432,28.141649978902375,5.652698083607498,0.009999999999999997,-0.0,out_preys_number,-13.758118183636668,108.5693481925778,25.066562830865358
130,147.11826998524606,30.941638235210675,28.266187160749237,5.516665924933121,0.009999999999999997,-0.0,out_preys_number,-13.758118183636668,108.5693481925778,25.066562830865358
131,149.94989311708915,30.932539454100603,28.39508923894589,5.384043834577271,0.009999999999999997,-0.0,out_preys_number,-13.758118183636668,108.5693481925778,25.066562830865358
132,152.8360603111433,30.941130611949685,28.52831474811776,5.254747757075365,0.009999999999999997,0.0,out_preys_number,-15.738397370447743,124.30774556302555,25.68638285487432
133,155.77504058871563,30.967759034999375,28.665824788614472,5.128695536563838,0.009999999999999997,0.0,out_preys_number,-15.738397370447743,124.30774556302555,25.68638285487432
134,158.76485254304558,31.012792857053384,28.80758292343333,5.005806885897099,0.009999999999999997,0.0,out_preys_number,-15.738397370447743,124.30774556302555,25.68638285487432
135,161.80324638575865,31.076621386596454,28.953555080566037,4.886003355411179,0.009999999999999997,0.0,out_preys_number,-15.738397370447743,124.30774556302555,25.68638285487432
136,164.88768553069167,31.159655374951377,29.103709460461225,4.769208301415448,0.009999999999999997,0.0,out_preys_number,-15.738397370447743,124.30774556302555,25.68638285487432
137,168.01532780364406,31.262327166806916,29.258016448314887,4.655346854486932,0.009999999999999997,0.0,out_preys_number,-15.738397370447743,124.30774556302555,25.68638285487432
138,171.18300638722133,31.38509071191005,29.416448530917787,4.544345887635667,0.009999999999999997,-0.0,out_preys_number,-17.458812293277987,141.76655785630354,26.84074482427438
139,174.38721063309012,31.528421413968744,29.578980217806485,4.436133984403592,0.009999999999999997,-0.0,out_preys_number,-17.458812293277987,141.76655785630354,26.84074482427438
140,177.6240668997635,31.692815789862436,29.745587966479253,4.330641406954158,0.009999999999999997,-0.0,out_preys_number,-17.458812293277987,141.76655785630354,26.84074482427438
141,180.88931960259856,31.878790909121662,29.91625011145311,4.227800064204788,0.009999999999999997,-0.0,out_preys_number,-17.458812293277987,141.76655785630354,26.84074482427438
142,184.17831269402907,32.08688358034014,30.090946796951535,4.127543480049826,0.009999999999999997,-0.0,out_preys_number,-17.458812293277987,141.76655785630354,26.84074482427438
143,187.48597182617235,32.31764924776012,30.269659913025293,4.029806761717048,0.009999999999999997,-0.0,out_preys_number,-17.458812293277987,141.76655785630354,26.84074482427438
144,190.80678748471678,32.57166055777585,30.45237303492019,3.934526568297171,0.009999999999999997,0.0,out_preys_number,-18.587856593493058,160.3544144497966,28.637133989478677
145,194.13479942219723,32.84950555160359,30.639071365517285,3.841641079481721,0.009999999999999997,0.0,out_preys_number,-18.587856593493058,160.3544144497966,28.637133989478677
146,197.4635827600504,33.15178543695978,30.82974168068076,3.7510899645415487,0.009999999999999997,0.0,out_preys_number,-18.587856593493058,160.3544144497966,28.637133989478677
147,200.78623617169467,33.47911188838829,31.02437227735906,3.6628143515748524,0.009999999999999997,0.0,out_preys_number,-18.587856593493058,160.3544144497966,28.637133989478677
148,204.09537260258074,33.832103823033584,31.222952924293217,3.5767567970507264,0.009999999999999997,0.0,out_preys_number,-18.587856593493058,160.3544144497966,28.637133989478677
149,207.38311302679637,34.21138359633834,31.42547481519566,3.4928612556715617,0.009999999999999997,0.0,out_preys_number,-18.587856593493058,160.3544144497966,28.637133989478677
150,210.64108378217455,34.61757256057354,31.631930524269823,3.4110730505750215,0.009999999999999997,-0.0,out_preys_number,-18.654738808108135,179.00915325790473,31.206499509998523
151,213.86041806548275,35.051285928525786,31.842313963949316,3.3313388438940374,0.009999999999999997,-0.0,out_preys_number,-18.654738808108135,179.00915325790473,31.206499509998523
152,217.03176220437064,35.51312688536852,32.056620344741674,3.253606607691114,0.009999999999999997,-0.0,out_preys_number,-18.654738808108135,179.00915325790473,31.206499509998523
153,220.1452873512028,36.00367989404625,32.27484613706856,3.1778255952811785,0.009999999999999997,-0.0,out_preys_number,-18.654738808108135,179.00915325790473,31.206499509998523
154,223.19070726324432,36.523503143772615,32.49698903500075,3.103946312955474,0.009999999999999997,-0.0,out_preys_number,-18.654738808108135,179.00915325790473,31.206499509998523
155,226.1573028411022,37.073120097867026,32.723047921791206,3.031920492117151,0.009999999999999997,-0.0,out_preys_number,-18.654738808108135,179.00915325790473,31.206499509998523
156,229.0339540897578,37.65301010654309,32.95302283711618,2.9617010618377733,0.009999999999999997,0.0,out_preys_number,-17.07177799473689,196.08093125264162,34.69130904470532
157,231.80918014061777,38.263598062826674,33.186914945938106,2.893242121842421,0.009999999999999997,0.0,out_preys_number,-17.07177799473689,196.08093125264162,34.69130904470532
158,234.47118792523966,38.90524309592162,33.42472650890967,2.8264989159297675,0.009999999999999997,0.0,out_preys_number,-17.07177799473689,196.08093125264162,34.69130904470532
159,237.00793001823055,39.57822631641637,33.66646085424305,2.761427805832279,0.009999999999999997,0.0,out_preys_number,-17.07177799473689,196.08093125264162,34.69130904470532
160,239.4071720648561,40.282737652021815,33.91212235097163,2.6979862455205454,0.009999999999999997,0.0,out_preys_number,-17.07177799473689,196.08093125264162,34.69130904470532
161,241.6565700750903,41.018861841226155,34.16171638353643,2.6361327559546925,0.009999999999999997,0.0,out_preys_number,-17.07177799473689,196.08093125264162,34.69130904470532
162,243.743757697747,41.786563685369146,34.415249327632935,2.575826900284939,0.009999999999999997,-0.0,out_preys_number,-13.247577117472417,209.32850837011404,39.21073678508421
163,245.65644338445065,42.585672696997,34.67272852725722,2.517029259502366,0.009999999999999997,-0.0,out_preys_number,-13.247577117472417,209.32850837011404,39.21073678508421
164,247.38251711328573,43.41586732352512,34.9341622728941,2.4597014085402913,0.009999999999999997,-0.0,out_preys_number,-13.247577117472417,209.32850837011404,39.21073678508421
165,248.91016606739973,44.276658969475335,35.199559780792534,2.4038058928258295,0.009999999999999997,-0.0,out_preys_number,-13.247577117472417,209.32850837011404,39.21073678508421
166,250.22799835797662,45.167376086784856,35.468931173277255,2.349306205280553,0.009999999999999997,-0.0,out_preys_number,-13.247577117472417,209.32850837011404,39.21073678508421
167,251.32517354953396,46.08714864944444,35.74228746004743,2.2961667637685914,0.009999999999999997,-0.0,out_preys_number,-13.247577117472417,209.32850837011404,39.21073678508421
168,252.1915383966622,47.03489337416099,36.01964052041663,2.2443528889899165,0.009999999999999997,0.0,out_preys_number,-6.84338950613153,216.17189787624557,44.79054048517107
169,252.81776584604162,48.009300090621544,36.301003086450216,2.1938307828160846,0.009999999999999997,0.0,out_preys_number,-6.84338950613153,216.17189787624557,44.79054048517107
170,253.1954950094606,49.00881970067827,36.58638872695884,2.1445675070651906,0.009999999999999997,0.0,out_preys_number,-6.84338950613153,216.17189787624557,44.79054048517107
171,253.31746948866777,50.03165419255405,36.875811832309054,2.096530962712478,0.009999999999999997,0.0,out_preys_number,-6.84338950613153,216.17189787624557,44.79054048517107
172,253.17767114925476,51.07574919100274,37.16928760001366,2.0496898695325525,0.009999999999999997,0.0,out_preys_number,-6.84338950613153,216.17189787624557,44.79054048517107
173,252.7714462176431,52.13878952431234,37.46683202106676,2.0040137461689067,0.009999999999999997,0.0,out_preys_number,-6.84338950613153,216.17189787624557,44.79054048517107
174,252.09562043215936,53.218198271399196,37.76846186699018,1.9594728906261287,0.009999999999999997,0.0,out_preys_number,-1.8447393110763812,214.32715856516919,51.258725380773065
175,251.14859993457924,54.311139714772864,38.074194677559944,1.916038361179868,0.009999999999999997,0.0,out_preys_number,-1.8447393110763812,214.32715856516919,51.258725380773065
176,249.93045465844952,55.414526566330316,38.384048749182085,1.8736819576994677,0.009999999999999997,0.0,out_preys_number,-1.8447393110763812,214.32715856516919,51.258725380773065
177,248.44298116699986,56.525031752224336,38.698043123890194,1.8323762033778836,0.009999999999999997,0.0,out_preys_number,-1.8447393110763812,214.32715856516919,51.258725380773065
178,246.6897422231116,57.63910494107221,39.01619757893721,1.792094326863388,0.009999999999999997,0.0,out_preys_number,-1.8447393110763812,214.32715856516919,51.258725380773065
179,244.67608083643793,58.75299387852303,39.33853261695596,1.7528102447873615,0.009999999999999997,0.0,out_preys_number,-1.8447393110763812,214.32715856516919,51.258725380773065
180,242.4091071204434,59.8627704540885,39.665069456664284,1.71449854468236,0.009999999999999997,0.0,out_preys_number,-11.58312090139006,202.74403766377912,58.14827190940614
181,239.89765698874947,60.964361277972046,39.99583002409154,1.677134468284496,0.009999999999999997,0.0,out_preys_number,-11.58312090139006,202.74403766377912,58.14827190940614
182,237.15222250160608,62.053582392448774,40.33083694430469,1.640693895214137,0.009999999999999997,0.0,out_preys_number,-11.58312090139006,202.74403766377912,58.14827190940614
183,234.1848545082519,63.12617759115876,40.67011353361295,1.6051533270287555,0.009999999999999997,0.0,out_preys_number,-11.58312090139006,202.74403766377912,58.14827190940614
184,231.00903908246312,64.17785967804284,41.01368379223139,1.5704898716417917,0.009999999999999997,0.0,out_preys_number,-11.58312090139006,202.74403766377912,58.14827190940614
185,227.63955007638685,65.20435387320916,41.36157239738477,1.5366812281012767,0.009999999999999997,0.0,out_preys_number,-11.58312090139006,202.74403766377912,58.14827190940614
186,224.09228088065,66.20144247292522,41.71380469683347,1.5037056717219608,0.009999999999999997,0.0,out_preys_number,-20.365561479962594,182.37847618381653,64.69773680120326
187,220.38405913774358,67.16500980131755,42.07040670280497,1.4715420395646537,0.009999999999999997,0.0,out_preys_number,-20.365561479962594,182.37847618381653,64.69773680120326
188,216.5324486767522,68.0910864568329,42.43140508631417,1.4401697162564775,0.009999999999999997,0.0,out_preys_number,-20.365561479962594,182.37847618381653,64.69773680120326
189,212.55554329413332,68.97589185975218,42.796827171857686,1.4095686201457525,0.009999999999999997,0.0,out_preys_number,-20.365561479962594,182.37847618381653,64.69773680120326
190,208.47175718055337,69.81587414855017,43.16670093246722,1.379719189785195,0.009999999999999997,0.0,out_preys_number,-20.365561479962594,182.37847618381653,64.69773680120326
191,204.2996167815364,70.60774655092312,43.54105498510824,1.350602370737189,0.009999999999999997,0.0,out_preys_number,-20.365561479962594,182.37847618381653,64.69773680120326
192,200.05755868482433,71.34851946596737,43.91991858641083,1.3221996026948577,0.009999999999999997,0.0,out_preys_number,-26.240836085403032,156.1376400984135,70.02631986327252
193,195.76373776525284,72.03552763156283,44.30332162871951,1.2944928069127524,0.009999999999999997,0.0,out_preys_number,-26.240836085403032,156.1376400984135,70.02631986327252
194,191.43584931304608,72.6664519083416,44.69129463645117,1.2674643739409688,0.009999999999999997,0.0,out_preys_number,-26.240836085403032,156.1376400984135,70.02631986327252
195,187.09096825507416,73.23933538069267,45.08386876274833,1.2410971516565716,0.009999999999999997,0.0,out_preys_number,-26.240836085403032,156.1376400984135,70.02631986327252
196,182.74540788650168,73.75259364775626,45.48107578641815,1.2153744335862773,0.009999999999999997,0.0,out_preys_number,-26.240836085403032,156.1376400984135,70.02631986327252
197,178.4145997997499,74.20501934527152,45.88294810914569,1.1902799475143386,0.009999999999999997,0.0,out_preys_number,-26.240836085403032,156.1376400984135,70.02631986327252
198,174.11299596515948,74.59578109523845,46.289518752972384,1.1657978443697359,0.009999999999999997,0.0,out_preys_number,-28.3141628862264,127.8234772121871,73.42998325086872
199,169.85399321626042,74.92441721861437,46.70082135802985,1.1419126873867382,0.009999999999999997,0.0,out_preys_number,-28.3141628862264,127.8234772121871,73.42998325086872
200,165.64987975012124,75.19082466215485,47.11689018051998,1.1186094415330552,0.009999999999999997,0.0,out_preys_number,-28.3141628862264,127.8234772121871,73.42998325086872
201,161.51180269153508,75.39524368111611,47.53776009093337,1.0958734631998173,0.009999999999999997,0.0,out_preys_number,-28.3141628862264,127.8234772121871,73.42998325086872
202,157.4497553036054,75.53823888356716,47.96346657249702,1.0736904901477238,0.009999999999999997,0.0,out_preys_number,-28.3141628862264,127.8234772121871,73.42998325086872
203,153.47258206453571,75.62067727973674,48.394045719844165,1.052046631703773,0.009999999999999997,0.0,out_preys_number,-28.3141628862264,127.8234772121871,73.42998325086872
204,149.5879995726266,75.64370399264345,48.829534237898585,1.0309283592030634,0.009999999999999997,0.0,out_preys_number,-27.0650118774591,100.758465334728,74.61277563344039
205,145.80263108468912,75.60871627677929,49.269969440966214,1.0103224966702304,0.009999999999999997,0.0,out_preys_number,-27.0650118774591,100.758465334728,74.61277563344039
206,142.1220524289311,75.51733646308331,49.71538925202722,0.9902162117351957,0.009999999999999997,0.0,out_preys_number,-27.0650118774591,100.758465334728,74.61277563344039
207,138.55084705035736,75.37138440455867,50.165832202222404,0.9705970067779618,0.009999999999999997,0.0,out_preys_number,-27.0650118774591,100.758465334728,74.61277563344039
208,135.09266803137757,75.17284994148409,50.62133743052708,0.951452710297269,0.009999999999999997,0.0,out_preys_number,-27.0650118774591,100.758465334728,74.61277563344039
209,131.75030506835802,74.92386584200563,51.08194468360742,0.9327714684980548,0.009999999999999997,0.0,out_preys_number,-27.0650118774591,100.758465334728,74.61277563344039
210,128.52575456206196,74.62668160645046,51.547694315852404,0.9145417370927043,0.009999999999999997,0.0,out_preys_number,-23.780405088518435,76.97806024620957,73.71213986935776
211,125.42029118301073,74.28363845504549,52.01862728957729,0.8967522733111877,0.009999999999999997,0.0,out_preys_number,-23.780405088518435,76.97806024620957,73.71213986935776
212,122.43453948975906,73.89714575144468,52.494785175392046,0.8793921281152703,0.009999999999999997,0.0,out_preys_number,-23.780405088518435,76.97806024620957,73.71213986935776
213,119.56854439873567,73.46965905061792,52.976210152730836,0.8624506386120598,0.009999999999999997,0.0,out_preys_number,-23.780405088518435,76.97806024620957,73.71213986935776
214,116.8218395202738,73.00365990077343,53.462945010537446,0.8459174206622574,0.009999999999999997,0.0,out_preys_number,-23.780405088518435,76.97806024620957,73.71213986935776
215,114.19351258029417,72.50163747611714,53.95503314810166,0.8297823616785563,0.009999999999999997,0.0,out_preys_number,-23.780405088518435,76.97806024620957,73.71213986935776
216,111.68226733613926,71.96607207100911,54.452518576042934,0.8140356136097279,0.009999999999999997,0.0,out_predators_number,-2.56010341195838,57.22974876009633,71.15203645739938
217,109.28648156521604,71.3994204466874,54.9554459174365,0.7986675861060202,0.009999999999999997,0.0,out_predators_number,-2.56010341195838,57.22974876009633,71.15203645739938
218,107.00426085472245,70.80410298912817,55.46386040907838,0.7836689398615881,0.009999999999999997,0.0,out_predators_number,-2.56010341195838,57.22974876009633,71.15203645739938
219,104.83348804927402,70.18249261049836,55.977807902885196,0.7690305801297472,0.009999999999999997,0.0,out_predators_number,-2.56010341195838,57.22974876009633,71.15203645739938
220,102.77186832108323,69.53690530655308,56.49733486742463,0.7547436504069501,0.009999999999999997,0.0,out_predators_number,-2.56010341195838,57.22974876009633,71.15203645739938
221,100.8169699155174,68.86959226766459,57.02248838957395,0.74079952628146,0.009999999999999997,0.0,out_predators_number,-2.56010341195838,57.22974876009633,71.15203645739938
222,98.96626069488293,68.18273343128303,57.55331617630228,0.7271898094427722,0.009999999999999997,0.0,out_predators_number,-3.696492835559127,41.41294451858065,67.45554362184025
223,97.21714065694812,67.4784323578709,58.089866556573504,0.7139063218479464,0.009999999999999997,0.0,out_predators_number,-3.696492835559127,41.41294451858065,67.45554362184025
224,95.56697064398521,66.75871231005124,58.63218848336664,0.7009411000410641,0.009999999999999997,0.0,out_predators_number,-3.696492835559127,41.41294451858065,67.45554362184025
225,94.01309748495184,66.02551341524952,59.18033153581083,0.6882863896221374,0.009999999999999997,0.0,out_predators_number,-3.696492835559127,41.41294451858065,67.45554362184025
226,92.5528758297869,65.28069079491036,59.73434592143142,0.6759346398618549,0.009999999999999997,0.0,out_predators_number,-3.696492835559127,41.41294451858065,67.45554362184025
227,91.18368694247665,64.52601354791014,60.2942824785047,0.663878498458651,0.009999999999999997,0.0,out_predators_number,-3.696492835559127,41.41294451858065,67.45554362184025
228,89.90295472021955,63.76316448161279,60.86019267851828,0.6521108064346521,0.009999999999999997,0.0,out_predators_number,-4.344489946662108,29.042762041701273,63.11105367517814
229,88.70815920118004,62.99374049073905,61.432128628734276,0.6406245931671345,0.009999999999999997,0.0,out_predators_number,-4.344489946662108,29.042762041701273,63.11105367517814
230,87.59684781427264,62.219253491492786,62.01014307485306,0.6294130715522174,0.009999999999999997,0.0,out_predators_number,-4.344489946662108,29.042762041701273,63.11105367517814
231,86.5666446122843,61.44113182595821,62.594289403774546,0.6184696332975765,0.009999999999999997,0.0,out_predators_number,-4.344489946662108,29.042762041701273,63.11105367517814
232,85.6152577153755,60.66072205941238,63.184621646454715,0.607787844341055,0.009999999999999997,0.0,out_predators_number,-4.344489946662108,29.042762041701273,63.11105367517814
233,84.7404851763772,59.879291100722014,63.78119448085512,0.5973614403921074,0.009999999999999997,0.0,out_predators_number,-4.344489946662108,29.042762041701273,63.11105367517814
234,83.94021946296819,59.098028583277994,64.3840632349826,0.5871843225931077,0.009999999999999997,0.0,out_predators_number,-4.600209414493257,19.556156227985582,58.510844260684884
235,83.21245073527133,58.31804945087088,64.99328389001708,0.5772505532976043,0.009999999999999997,0.0,out_predators_number,-4.600209414493257,19.556156227985582,58.510844260684884
236,82.55526908105112,57.54039669945198,65.60891308352554,0.5675543519626909,0.009999999999999997,0.0,out_predators_number,-4.600209414493257,19.556156227985582,58.510844260684884
237,81.96686585481852,56.76604423182225,66.23100811275877,0.5580900911527288,0.009999999999999997,0.0,out_predators_number,-4.600209414493257,19.556156227985582,58.510844260684884
238,81.44553425196739,55.995899787916585,66.85962693803046,0.548852292651724,0.009999999999999997,0.0,out_predators_number,-4.600209414493257,19.556156227985582,58.510844260684884
239,80.9896692347315,55.23080791849875,67.49482818617474,0.5398356236817361,0.009999999999999997,0.0,out_predators_number,-4.600209414493257,19.556156227985582,58.510844260684884
240,80.59776691335048,54.47155297475673,68.13667115408104,0.5310348932247624,0.009999999999999997,0.0,out_predators_number,-4.570326179152914,12.46109575926944,53.94051808153197
241,80.2684234734165,53.71886209050334,68.78521581230378,0.522445048445603,0.009999999999999997,0.0,out_predators_number,-4.570326179152914,12.46109575926944,53.94051808153197
242,80.00033372895977,52.97340813746264,69.44052280874516,0.5140611712132835,0.009999999999999997,0.0,out_predators_number,-4.570326179152914,12.46109575926944,53.94051808153197
243,79.79228937040469,52.235812637484834,70.10265347240819,0.5058784747186794,0.009999999999999997,0.0,out_predators_number,-4.570326179152914,12.46109575926944,53.94051808153197
244,79.64317696706068,51.506648618508336,70.77166981721894,0.4978923001860401,0.009999999999999997,0.0,out_predators_number,-4.570326179152914,12.46109575926944,53.94051808153197
245,79.55197577525935,50.78644340370662,71.44763454591472,0.49009811367618406,0.009999999999999997,0.0,out_predators_number,-4.570326179152914,12.46109575926944,53.94051808153197
246,79.51775539555528,50.07568132554924,72.1306110539976,0.48249150297919136,0.009999999999999997,0.0,out_predators_number,-4.347328258961923,7.387144341557686,49.59318982257005
247,79.53967331551858,49.37480635850227,72.82066343374902,0.4750681745944873,0.009999999999999997,0.0,out_predators_number,-4.347328258961923,7.387144341557686,49.59318982257005
248,79.61697236849096,48.684224665818874,73.51785647830658,0.46782395079626143,0.009999999999999997,0.0,out_predators_number,-4.347328258961923,7.387144341557686,49.59318982257005
249,79.74897813320183,48.00430705735593,74.2222556857974,0.4607547667822385,0.009999999999999997,0.0,out_predators_number,-4.347328258961923,7.387144341557686,49.59318982257005
250,79.93509629427268,47.33539135662307,74.93392726352832,0.45385666790386403,0.009999999999999997,0.0,out_predators_number,-4.347328258961923,7.387144341557686,49.59318982257005
251,80.17480997932543,46.677784676347336,75.65293813222983,0.44712580697603244,0.009999999999999997,0.0,out_predators_number,-4.347328258961923,7.387144341557686,49.59318982257005
252,80.46767708458948,46.03176560274749,76.3793559303522,0.4405584416645405,0.009999999999999997,0.0,out_predators_number,-4.001982661487098,4.088321154237278,45.59120716108295
253,80.8133275975245,45.397586289470546,77.11324901841051,0.4341509319495038,0.009999999999999997,0.0,out_predators_number,-4.001982661487098,4.088321154237278,45.59120716108295
254,81.211460921979,44.77547446277423,77.85468648337731,0.4278997376630315,0.009999999999999997,0.0,out_predators_number,-4.001982661487098,4.088321154237278,45.59120716108295
255,81.66184320876089,44.16563534005481,78.60373814312041,0.4218014160995063,0.009999999999999997,0.0,out_predators_number,-4.001982661487098,4.088321154237278,45.59120716108295
256,82.16430469214096,43.56825346423688,79.36047455088321,0.41585261969687587,0.009999999999999997,0.0,out_predators_number,-4.001982661487098,4.088321154237278,45.59120716108295
257,82.71873703071796,42.983494456875064,80.12496699980511,0.41005009378741036,0.009999999999999997,0.0,out_predators_number,-4.001982661487098,4.088321154237278,45.59120716108295
258,83.32509064920862,42.41150669307524,80.89728752748,0.4043906744164335,0.009999999999999997,0.0,out_predators_number,-3.5840911424241426,2.4278031217286156,42.007116018658806
259,83.98337207604419,41.85242290154028,81.67750892054964,0.3988712862275927,0.009999999999999997,0.0,out_predators_number,-3.5840911424241426,2.4278031217286156,42.007116018658806
260,84.69364127014413,41.30636169318718,82.46570471933016,0.3934889404132796,0.009999999999999997,0.0,out_predators_number,-3.5840911424241426,2.4278031217286156,42.007116018658806
261,85.45600892885734,40.773429021879906,83.26194922246823,0.3882407327288683,0.009999999999999997,0.0,out_predators_number,-3.5840911424241426,2.4278031217286156,42.007116018658806
262,86.27063376779827,40.25371958088222,84.06631749162446,0.3831238415694842,0.009999999999999997,0.0,out_predators_number,-3.5840911424241426,2.4278031217286156,42.007116018658806
263,87.13771976213319,39.74731813865993,84.87888535618094,0.37813552610807605,0.009999999999999997,0.0,out_predators_number,-3.5840911424241426,2.4278031217286156,42.007116018658806
264,88.05751333777837,39.25430081766388,85.69972941797072,0.373273124493601,0.009999999999999997,0.0,out_predators_number,-3.1260883254885243,2.357783919807659,38.88102769317028
265,89.03030049993716,38.77473631970114,86.52892705602488,0.3685340521082002,0.009999999999999997,0.0,out_predators_number,-3.1260883254885243,2.357783919807659,38.88102769317028
266,90.0564038854151,38.30868710146228,87.36655643133545,0.36391579988227457,0.009999999999999997,0.0,out_predators_number,-3.1260883254885243,2.357783919807659,38.88102769317028
267,91.13617972419976,37.856210503715076,88.21269649162929,0.3594159326664327,0.009999999999999997,0.0,out_predators_number,-3.1260883254885243,2.357783919807659,38.88102769317028
268,92.27001469486885,37.41735983760721,89.0674269761509,0.35503208765932787,0.009999999999999997,0.0,out_predators_number,-3.1260883254885243,2.357783919807659,38.88102769317028
269,93.45832265748086,36.992185431439985,89.93082842044993,0.3507619728904514,0.009999999999999997,0.0,out_predators_number,-3.1260883254885243,2.357783919807659,38.88102769317028
270,94.70154124671016,36.580735641186465,90.80298216116931,0.3466033657570003,0.009999999999999997,0.0,out_predators_number,-2.646895417740815,3.898559085540853,36.23413227542947
271,96.00012830710355,36.18305782793164,91.68397034083125,0.34255411161398686,0.009999999999999997,0.0,out_predators_number,-2.646895417740815,3.898559085540853,36.23413227542947
272,97.3545581514558,35.7991993053071,92.57387591261556,0.3386121224168071,0.009999999999999997,0.0,out_predators_number,-2.646895417740815,3.898559085540853,36.23413227542947
273,98.76531762243015,35.42920825988385,93.4727826451273,0.3347753754155369,0.009999999999999997,0.0,out_predators_number,-2.646895417740815,3.898559085540853,36.23413227542947
274,100.2329019366825,35.07313464736878,94.38077512714821,0.3310419119002748,0.009999999999999997,0.0,out_predators_number,-2.646895417740815,3.898559085540853,36.23413227542947
275,101.7578102898939,34.731031067326356,95.29793877236897,0.3274098359969024,0.009999999999999997,0.0,out_predators_number,-2.646895417740815,3.898559085540853,36.23413227542947
276,103.340541200274,34.402953619015754,96.2243598240951,0.32387731351268473,0.009999999999999997,0.0,out_predators_number,-2.1550559699263943,7.116181376178901,34.07907630550307
277,104.9815875672828,34.088962740792795,97.16012535992348,0.3204425708311829,0.009999999999999997,0.0,out_predators_number,-2.1550559699263943,7.116181376178901,34.07907630550307
278,106.68143142152937,33.789124035375096,98.10532329638313,0.31710389385601045,0.009999999999999997,0.0,out_predators_number,-2.1550559699263943,7.116181376178901,34.07907630550307
279,108.44053834107,33.50350908310689,99.06004239353481,0.3138596270030121,0.009999999999999997,0.0,out_predators_number,-2.1550559699263943,7.116181376178901,34.07907630550307
280,110.25935150864433,33.23219624518218,100.02437225952353,0.3107081722405013,0.009999999999999997,0.0,out_predators_number,-2.1550559699263943,7.116181376178901,34.07907630550307
281,112.13828538379022,32.97527145859295,100.99840335507838,0.307647988177252,0.009999999999999997,0.0,out_predators_number,-2.1550559699263943,7.116181376178901,34.07907630550307
282,114.07771896327736,32.73282902435451,101.9822269979524,0.3046775891979892,0.009999999999999997,0.0,out_predators_number,-1.6509248703465502,12.095491965324968,32.42815143515652
283,116.07798860292681,32.5049723903246,102.97593536729612,0.3017955446461896,0.009999999999999997,0.0,out_predators_number,-1.6509248703465502,12.095491965324968,32.42815143515652
284,118.13938037367278,32.29181492966937,103.97962150795814,0.2990004780540556,0.009999999999999997,0.0,out_predators_number,-1.6509248703465502,12.095491965324968,32.42815143515652
285,120.26212192470202,32.0934807157337,104.99337933470385,0.2962910664195945,0.009999999999999997,0.0,out_predators_number,-1.6509248703465502,12.095491965324968,32.42815143515652
286,122.44637382672562,31.910105293741584,106.01730363634626,0.29366603953078735,0.009999999999999997,0.0,out_predators_number,-1.6509248703465502,12.095491965324968,32.42815143515652
287,124.69222036893844,31.741836449377228,107.0514900797793,0.29112417933691154,0.009999999999999997,0.0,out_predators_number,-1.6509248703465502,12.095491965324968,32.42815143515652
288,126.99965978406222,31.58883497387369,108.09603521390527,0.2886643193671291,0.009999999999999997,0.0,out_predators_number,-1.1279807806499598,18.90362457015695,31.300170654506562
289,129.36859387710828,31.451275424756158,109.15103647344785,0.28628534419653806,0.009999999999999997,0.0,out_predators_number,-1.1279807806499598,18.90362457015695,31.300170654506562
290,131.7988170352078,31.32934688084221,110.2165921826396,0.283986188959943,0.009999999999999997,0.0,out_predators_number,-1.1279807806499598,18.90362457015695,31.300170654506562
291,134.2900045981186,31.22325368948496,111.29280155877576,0.28176583891368495,0.009999999999999997,0.0,out_predators_number,-1.1279807806499598,18.90362457015695,31.300170654506562
292,136.84170057191622,31.133216203345377,112.37976471562209,0.2796233290459346,0.009999999999999997,0.0,out_predators_number,-1.1279807806499598,18.90362457015695,31.300170654506562
293,139.4533046720156,31.059471503188686,113.47758266666601,0.27755774373594394,0.009999999999999997,0.0,out_predators_number,-1.1279807806499598,18.90362457015695,31.300170654506562
294,142.12405868614928,31.00227410230463,114.58635732819928,0.2755682164628274,0.009999999999999997,0.0,out_predators_number,-0.5734647686647598,27.53770135795,30.726705885841803
295,144.85303215337802,30.961896627141037,115.70619152221981,0.27365392956452916,0.009999999999999997,0.0,out_predators_number,-0.5734647686647598,27.53770135795,30.726705885841803
296,147.63910736175688,30.938630467602984,116.83718897913877,0.27181411404772493,0.009999999999999997,0.0,out_predators_number,-0.5734647686647598,27.53770135795,30.726705885841803
297,150.48096367506054,30.93278638919147,117.97945434027964,0.27004804944949756,0.009999999999999997,0.0,out_predators_number,-0.5734647686647598,27.53770135795,30.726705885841803
298,153.3770612081513,30.94469509772594,119.13309316015467,0.2683550637517304,0.009999999999999997,0.0,out_predators_number,-0.5734647686647598,27.53770135795,30.726705885841803
299,156.32562388129776,30.974707745797645,120.29821190850288,0.26673453334924824,0.009999999999999997,0.0,out_predators_number,-0.5734647686647598,27.53770135795,30.726705885841803
300,159.32462189620665,31.02319636832696,121.47491797207297,0.26518588307286434,0.009999999999999997,0.0,out_preys_number,-5.073951417711754,37.84970392413368,30.758010485254097
301,162.3717536908748,31.090554232633533,122.66331965613486,0.2637085862685904,0.009999999999999997,0.0,out_preys_number,-5.073951417711754,37.84970392413368,30.758010485254097
302,165.46442744678566,31.177196086265745,123.8635261857003,0.26230216493438346,0.009999999999999997,0.0,out_preys_number,-5.073951417711754,37.84970392413368,30.758010485254097
303,168.5997422406414,31.28355828346682,125.07564770643484,0.2609661899159374,0.009999999999999997,0.0,out_preys_number,-5.073951417711754,37.84970392413368,30.758010485254097
304,171.7744689538981,31.410098768577747,126.29979528523944,0.2597002811631537,0.009999999999999997,0.0,out_preys_number,-5.073951417711754,37.84970392413368,30.758010485254097
305,174.98503107699815,31.55729689189081,127.53608091048079,0.25850410804905505,0.009999999999999997,0.0,out_preys_number,-5.073951417711754,37.84970392413368,30.758010485254097
306,178.2274855715083,31.7256530304834,128.78461749184802,0.2573773897530674,0.009999999999999997,-0.0,out_preys_number,-11.593164155526608,49.442868079660286,31.468275640730333
307,181.49750398244362,31.915687983393163,130.0455188598109,0.2563198957107342,0.009999999999999997,-0.0,out_preys_number,-11.593164155526608,49.442868079660286,31.468275640730333
308,184.79035402491974,32.127942107171194,131.31889976465493,0.2553314461320986,0.009999999999999997,-0.0,out_preys_number,-11.593164155526608,49.442868079660286,31.468275640730333
309,188.1008819038944,32.36297415440978,132.6048758750661,0.2544119125911546,0.009999999999999997,-0.0,out_preys_number,-11.593164155526608,49.442868079660286,31.468275640730333
310,191.42349566299774,32.621359774338835,133.90356377623715,0.25356121868895426,0.009999999999999997,-0.0,out_preys_number,-11.593164155526608,49.442868079660286,31.468275640730333
311,194.75214989806895,32.903689631097805,135.21508096746444,0.2527793407931458,0.009999999999999997,-0.0,out_preys_number,-11.593164155526608,49.442868079660286,31.468275640730333
312,198.0803322126375,33.21056709191127,136.53954585920454,0.25206630885692544,0.009999999999999997,0.0,out_preys_number,-12.097918273772677,61.54078635343296,32.95850078305435
313,201.4010518356553,33.54260543425126,137.87707776955736,0.2514222073205975,0.009999999999999997,0.0,out_preys_number,-12.097918273772677,61.54078635343296,32.95850078305435
314,204.70683086555627,33.90042451830603,139.22779692013702,0.2508471760991686,0.009999999999999997,0.0,out_preys_number,-12.097918273772677,61.54078635343296,32.95850078305435
315,207.98969864821566,34.284646868880834,140.59182443129745,0.2503414116596453,0.009999999999999997,0.0,out_preys_number,-12.097918273772677,61.54078635343296,32.95850078305435
316,211.24118983836328,34.69589310944677,141.96928231666877,0.24990516819196015,0.009999999999999997,0.0,out_preys_number,-12.097918273772677,61.54078635343296,32.95850078305435
317,214.45234673293712,35.134776690687175,143.36029347696353,0.24953875887773072,0.009999999999999997,0.0,out_preys_number,-12.097918273772677,61.54078635343296,32.95850078305435
318,217.61372649889856,35.601897856863175,144.76498169300748,0.24924255726134237,0.009999999999999997,-0.0,out_preys_number,-11.30795845245811,72.84874480589107,35.352655299601835
319,220.71541394499252,36.097836795960525,146.18347161794773,0.2490169987281613,0.009999999999999997,-0.0,out_preys_number,-11.30795845245811,72.84874480589107,35.352655299601835
320,223.74704050428306,36.62314592425599,147.61588876858667,0.24886258209501183,0.009999999999999997,-0.0,out_preys_number,-11.30795845245811,72.84874480589107,35.352655299601835
321,226.69781009919583,37.17834126304876,149.06235951578938,0.24877987131840834,0.009999999999999997,-0.0,out_preys_number,-11.30795845245811,72.84874480589107,35.352655299601835
322,229.55653255008676,37.76389287524691,150.52301107390576,0.24876949732640347,0.009999999999999997,-0.0,out_preys_number,-11.30795845245811,72.84874480589107,35.352655299601835
323,232.31166515866448,38.38021434269801,151.99797148914817,0.24883215998032038,0.009999999999999997,-0.0,out_preys_number,-11.30795845245811,72.84874480589107,35.352655299601835
324,234.95136304537897,39.027651281997926,153.48736962686118,0.24896863017305973,0.009999999999999997,0.0,out_preys_number,-8.615248612626715,81.46399341851779,38.778682651824866
325,237.46353874164186,39.706468917349426,154.99133515761196,0.24917975207112988,0.009999999999999997,0.0,out_preys_number,-8.615248612626715,81.46399341851779,38.778682651824866
326,239.83593143009415,40.41683875414675,156.50999854203292,0.24946644550803926,0.009999999999999997,0.0,out_preys_number,-8.615248612626715,81.46399341851779,38.778682651824866
327,242.05618608613443,41.15882442648076,158.04349101433678,0.24982970853720549,0.009999999999999997,0.0,out_preys_number,-8.615248612626715,81.46399341851779,38.778682651824866
328,244.11194259927277,41.93236682568271,159.59194456442367,0.25027062015309626,0.009999999999999997,0.0,out_preys_number,-8.615248612626715,81.46399341851779,38.778682651824866
329,245.99093474228877,42.73726865513054,161.1554919184929,0.25079034318990856,0.009999999999999997,0.0,out_preys_number,-8.615248612626715,81.46399341851779,38.778682651824866
330,247.68109860967022,43.573178598343304,162.73426651806574,0.25139012740773237,0.009999999999999997,-0.0,out_preys_number,-3.4828386730866896,84.94683209160448,43.32178847093557
331,249.1706898661214,44.43957533209017,164.32840249732348,0.25207131277682365,0.009999999999999997,-0.0,out_preys_number,-3.4828386730866896,84.94683209160448,43.32178847093557
332,250.4484088348235,45.335751662690534,165.93803465865375,0.2528353329713399,0.009999999999999997,-0.0,out_preys_number,-3.4828386730866896,84.94683209160448,43.32178847093557
333,251.50353211974527,46.260799110350206,167.56329844629423,0.25368371908467313,0.009999999999999997,-0.0,out_preys_number,-3.4828386730866896,84.94683209160448,43.32178847093557
334,252.3260491053609,47.21359331133524,169.2043299179556,0.25461810357934944,0.009999999999999997,-0.0,out_preys_number,-3.4828386730866896,84.94683209160448,43.32178847093557
335,252.90680132207711,48.19278064873206,170.86126571429642,0.2556402244853623,0.009999999999999997,-0.0,out_preys_number,-3.4828386730866896,84.94683209160448,43.32178847093557
336,253.2376223205849,49.19676655684507,172.53424302611566,0.25675192986176454,0.009999999999999997,-0.0,out_preys_number,-4.243452797135234,80.70337929446924,48.940014626983306
337,253.31147537969878,50.22370596907201,174.22339955912193,0.25795518253737504,0.009999999999999997,-0.0,out_preys_number,-4.243452797135234,80.70337929446924,48.940014626983306
338,253.12258609835172,51.27149639139234,175.9288734961209,0.2592520651475577,0.009999999999999997,-0.0,out_preys_number,-4.243452797135234,80.70337929446924,48.940014626983306
339,252.66656671267572,52.33777408048897,177.650803456463,0.2606447854852228,0.009999999999999997,-0.0,out_preys_number,-4.243452797135234,80.70337929446924,48.940014626983306
340,251.94052885292083,53.419913784358855,179.3893284525755,0.2621356821854619,0.009999999999999997,-0.0,out_preys_number,-4.243452797135234,80.70337929446924,48.940014626983306
341,250.94318143048764,54.515032461928364,181.14458784339263,0.2637272307646064,0.009999999999999997,-0.0,out_preys_number,-4.243452797135234,80.70337929446924,48.940014626983306
342,249.6749104379798,55.61999733531879,182.91672128448727,0.2654220500359559,0.009999999999999997,-0.0,out_preys_number,-13.945190140976706,66.75818915349254,55.354575285282834
343,248.1378376660646,56.73143854366306,184.70586867469206,0.26722290892600814,0.009999999999999997,-0.0,out_preys_number,-13.945190140976706,66.75818915349254,55.354575285282834
344,246.33585569547077,57.845766561632125,186.5121700989826,0.2691327337167121,0.009999999999999997,-0.0,out_preys_number,-13.945190140976706,66.75818915349254,55.354575285282834
345,244.27463700910928,58.959194421339134,188.33576576738537,0.27115461574109057,0.009999999999999997,-0.0,out_preys_number,-13.945190140976706,66.75818915349254,55.354575285282834
346,241.96161567863513,60.06776463672275,190.1767959496479,0.2732918195615403,0.009999999999999997,-0.0,out_preys_number,-13.945190140976706,66.75818915349254,55.354575285282834
347,239.40594079416607,61.16738057992342,192.0354009054,0.2755477916622239,0.009999999999999997,-0.0,out_preys_number,-13.945190140976706,66.75818915349254,55.354575285282834
348,236.61840159978814,62.25384190579991,193.91172080950713,0.2779261696892399,0.019999999999999997,0.01,null,NaN,42.70668079028101,61.97591573611067
349,233.61132513841378,63.32288347073616,197.77377403643519,0.28048571317064447,0.019999999999999997,0.01,null,NaN,42.70668079028101,61.97591573611067
350,230.39844805981235,64.37021705287279,201.71220528895967,0.2832897153647656,0.019999999999999997,0.01,null,NaN,42.70668079028101,61.97591573611067
351,226.9947650644636,65.39157506045346,205.72846278379117,0.2863494335627786,0.019999999999999997,0.01,null,NaN,42.70668079028101,61.97591573611067
352,223.41635720237056,66.38275532011131,209.8240174103904,0.2896770769336407,0.019999999999999997,0.01,null,NaN,42.70668079028101,61.97591573611067
353,219.68020388176325,67.33966597351811,214.0003626372232,0.2932858860631147,0.019999999999999997,0.01,null,NaN,42.70668079028101,61.97591573611067
354,215.8039829349527,68.2583694831522,218.25901436306813,0.29719022049610283,0.03,0.01,null,NaN,2.455031428115433,67.96117926265609
355,211.80586341257202,69.13512475830417,224.83868810814863,0.3014725405581739,0.03,0.01,null,NaN,2.455031428115433,67.96117926265609
356,207.70429591810662,69.96642646091105,231.61566809401722,0.30622527854966486,0.03,0.01,null,NaN,2.455031428115433,67.96117926265609
357,203.517805247805,70.74904063524276,238.59572324159308,0.3114811245887746,0.03,0.01,null,NaN,2.455031428115433,67.96117926265609
358,199.26478987374458,71.48003592159718,245.78477458710395,0.3172763807316352,0.03,0.01,null,NaN,2.455031428115433,67.96117926265609
359,194.96333241716738,72.156809755967,253.18889714097546,0.323651392911408,0.03,0.01,null,NaN,2.455031428115433,67.96117926265609
360,190.6310247311008,72.77710911776833,260.8143214263864,0.33065104332409545,0.04,0.01,null,NaN,70.1832966952856,72.44645807444424
361,186.28481057809083,73.33904555805341,271.36757916292817,0.33841563097126,0.04,0.01,null,NaN,70.1832966952856,72.44645807444424
362,181.9408481868147,73.84110441286983,282.34552906088663,0.3471090211742146,0.04,0.01,null,NaN,70.1832966952856,72.44645807444424
363,177.61439423778123,74.2821482726642,293.7648813528881,0.35682392563018717,0.04,0.01,null,NaN,70.1832966952856,72.44645807444424
364,173.3197100991804,74.66141493182934,305.64294607909466,0.36766619387929256,0.04,0.01,null,NaN,70.1832966952856,72.44645807444424
365,169.0699904414769,74.978510176902,317.9976445734632,0.3797569364842298,0.04,0.01,null,NaN,70.1832966952856,72.44645807444424
366,164.87731373043582,75.23339588329026,330.84751903998847,0.3932350453398827,0.05,0.01,out_preys_number,-40.25164936216558,165.97020530955265,74.84016083795038
367,160.75261355335596,75.42637397613996,347.671109286372,0.40839937447079505,0.05,0.01,out_preys_number,-40.25164936216558,165.97020530955265,74.84016083795038
368,156.70566928587675,75.55806687003637,365.3442720071888,0.4256138972225642,0.05,0.01,out_preys_number,-40.25164936216558,165.97020530955265,74.84016083795038
369,152.74511426348096,75.62939503515452,383.90876718683376,0.4451639679224696,0.05,0.01,out_preys_number,-40.25164936216558,165.97020530955265,74.84016083795038
370,148.87845938319902,75.64155234594793,403.408179482495,0.46738737999740204,0.05,0.01,out_preys_number,-40.25164936216558,165.97020530955265,74.84016083795038
371,145.1121299221381,75.5959798551849,423.88794517744003,0.49268563136783544,0.05,0.01,out_preys_number,-40.25164936216558,165.97020530955265,74.84016083795038
372,141.45151331129742,75.49433860447957,445.3953642740946,0.5215379827668417,0.04,-0.01,out_preys_number,-137.97364565324457,303.9438509627972,74.97280062171272
373,137.9010156337166,75.33848203615287,463.32315612458626,0.5542647243058023,0.04,-0.01,out_preys_number,-137.97364565324457,303.9438509627972,74.97280062171272
374,134.4641247116468,75.13042851414092,481.9558029906273,0.5912023575685119,0.04,-0.01,out_preys_number,-137.97364565324457,303.9438509627972,74.97280062171272
375,131.1434777937898,74.87233439745688,501.3180590401064,0.6330018694872194,0.04,-0.01,out_preys_number,-137.97364565324457,303.9438509627972,74.97280062171272
376,127.94093203663378,74.56646804182431,521.4349519379768,0.6804374429790597,0.04,-0.01,out_preys_number,-137.97364565324457,303.9438509627972,74.97280062171272
377,124.85763618042328,74.21518503651886,542.3316357409464,0.7344334182926429,0.04,-0.01,out_preys_number,-137.97364565324457,303.9438509627972,74.97280062171272
378,121.89410203866937,73.8209049166712,564.0331991581199,0.7960979280431302,0.05,0.01,out_preys_number,-138.19524615665335,442.1390971194506,73.02480698862807
379,119.05027464046616,73.38608952825187,592.4593906216639,0.8672687051726152,0.05,0.01,out_preys_number,-138.19524615665335,442.1390971194506,73.02480698862807
380,116.32560007922255,72.9132231651321,622.2703355394009,0.9503195308721459,0.05,0.01,out_preys_number,-138.19524615665335,442.1390971194506,73.02480698862807
381,113.71909032362832,72.40479454593631,653.5224739492749,1.0477005289124852,0.05,0.01,out_preys_number,-138.19524615665335,442.1390971194506,73.02480698862807
382,111.2293844323949,71.86328065342474,686.2715748169975,1.1624755060081653,0.05,0.01,out_preys_number,-138.19524615665335,442.1390971194506,73.02480698862807
383,108.85480578075149,71.29113242102358,720.5716819811366,1.2985000978156036,0.05,0.01,out_preys_number,-138.19524615665335,442.1390971194506,73.02480698862807
384,106.59341505239712,70.69076221975426,756.4736751616455,1.4606583584942912,0.04,-0.01,out_preys_number,-207.74116298979783,649.8802601092484,69.23010386125998
385,104.44305887525827,70.06453307385038,786.1229681984139,1.6538905372962225,0.04,-0.01,out_preys_number,-207.74116298979783,649.8802601092484,69.23010386125998
386,102.40141408350067,69.41474951430625,816.7619463683886,1.8840099419396492,0.04,-0.01,out_preys_number,-207.74116298979783,649.8802601092484,69.23010386125998
387,100.466027672923,68.7436499658665,848.3812252465314,2.1595515307164987,0.04,-0.01,out_preys_number,-207.74116298979783,649.8802601092484,69.23010386125998
388,98.6343525837086,68.05340055389979,880.957918618822,2.491335246617989,0.04,-0.01,out_preys_number,-207.74116298979783,649.8802601092484,69.23010386125998
389,96.90377949535737,67.34609021252892,914.4512167042545,2.893147188622279,0.04,-0.01,out_preys_number,-207.74116298979783,649.8802601092484,69.23010386125998
390,95.27166485543368,66.6237269736605,948.796551826787,3.382638982119443,0.05,0.01,out_preys_number,-203.64462686210493,853.5248869713533,63.24108799154105
391,93.73535538852006,65.88823531756044,993.7850012914503,3.9864031334214753,0.05,0.01,out_preys_number,-203.64462686210493,853.5248869713533,63.24108799154105
392,92.29220934637756,65.14145446877953,1040.203250840572,4.741083246478398,0.05,0.01,out_preys_number,-203.64462686210493,853.5248869713533,63.24108799154105
393,90.93961476657623,64.38513752604656,1087.8662545002894,5.691955428256006,0.05,0.01,out_preys_number,-203.64462686210493,853.5248869713533,63.24108799154105
394,89.67500500640185,63.62095132076783,1136.4925694171156,6.89969119877302,0.05,0.01,out_preys_number,-203.64462686210493,853.5248869713533,63.24108799154105
395,88.4958718131332,62.85047690561505,1185.6679676204767,8.445957153300602,0.05,0.01,out_preys_number,-203.64462686210493,853.5248869713533,63.24108799154105
396,87.39977618208354,62.07521058203812,1234.795961045512,10.441009054368264,0.04,-0.01,out_preys_number,-293.8712978920752,1147.3961848634285,51.63420152766985
397,86.38435724120545,61.29656538312981,1270.2716350769672,13.017374617133571,0.04,-0.01,out_preys_number,-293.8712978920752,1147.3961848634285,51.63420152766985
398,85.44733938648254,60.51587293589546,1302.9390998463978,16.340773432675164,0.04,-0.01,out_preys_number,-293.8712978920752,1147.3961848634285,51.63420152766985
399,84.58653787653566,59.734385634468325,1331.3919567624837,20.63896016086844,0.04,-0.01,out_preys_number,-293.8712978920752,1147.3961848634285,51.63420152766985
400,83.79986307846072,58.95327906304151,1353.8114859667942,26.201562417038637,0.04,-0.01,out_preys_number,-293.8712978920752,1147.3961848634285,51.63420152766985
401,83.08532354038218,58.17365461416326,1367.9069878969322,33.38648981833025,0.04,-0.01,out_preys_number,-293.8712978920752,1147.3961848634285,51.63420152766985
402,82.44102804991546,57.39654225450624,1370.9031450771354,42.61655561962308,0.05,0.01,out_preys_number,-141.06593216379133,1288.4621170272198,14.779986634883159
403,81.86518682197173,56.62290339623266,1373.261617579077,54.43075420815962,0.05,0.01,out_preys_number,-141.06593216379133,1288.4621170272198,14.779986634883159
404,81.35611194430508,55.85363383761186,1357.36525347663,69.43078163931641,0.05,0.01,out_preys_number,-141.06593216379133,1288.4621170272198,14.779986634883159
405,80.91221719503292,55.089566741609474,1319.303092311384,88.09322215020529,0.05,0.01,out_preys_number,-141.06593216379133,1288.4621170272198,14.779986634883159
406,80.53201733314056,54.331475625752056,1256.1554448802729,110.6502567018629,0.05,0.01,out_preys_number,-141.06593216379133,1288.4621170272198,14.779986634883159
407,80.21412695075017,53.580077340705955,1167.1568134640513,136.88305961077833,0.05,0.01,out_preys_number,-141.06593216379133,1288.4621170272198,14.779986634883159
408,79.95725896470506,52.83603501870359,1054.7864139589988,165.9473445928387,0.060000000000000005,0.01,out_preys_number,-313.6329620329261,974.8291549942937,113.1113095741351
409,79.76022281477438,52.099960976241235,934.4129598395909,196.53785352839296,0.060000000000000005,0.01,out_preys_number,-313.6329620329261,974.8291549942937,113.1113095741351
410,79.62192242648865,51.372419558377175,802.7789860835048,226.93906728133834,0.060000000000000005,0.01,out_preys_number,-313.6329620329261,974.8291549942937,113.1113095741351
411,79.5413539882279,50.653929914517654,669.6617460856035,255.15459835433077,0.060000000000000005,0.01,out_preys_number,-313.6329620329261,974.8291549942937,113.1113095741351
412,79.51760358464459,49.9449686978114,544.0619340109881,279.5143013800226,0.060000000000000005,0.01,out_preys_number,-313.6329620329261,974.8291549942937,113.1113095741351
413,79.54984472175238,49.24597268221707,432.4117646223407,298.99649484443984,0.060000000000000005,0.01,out_preys_number,-313.6329620329261,974.8291549942937,113.1113095741351
414,79.6373357729905,48.55734129298722,337.91763736391823,313.30222394176786,0.05,-0.01,out_predators_number,-1.94799363308465,258.2803015909277,264.7448826487806
415,79.77941737021064,47.87943904775631,258.38224575193004,322.62447516294327,0.05,-0.01,out_predators_number,-1.94799363308465,258.2803015909277,264.7448826487806
416,79.97550975877708,47.212597906651595,196.17673312062414,327.56231907920875,0.05,-0.01,out_predators_number,-1.94799363308465,258.2803015909277,264.7448826487806
417,80.22511013175058,46.55711953089215,148.4867815370885,328.95717098554513,0.05,-0.01,out_predators_number,-1.94799363308465,258.2803015909277,264.7448826487806
418,80.52778995439387,45.91327745022049,112.39415814707749,327.6170711779133,0.05,-0.01,out_predators_number,-1.94799363308465,258.2803015909277,264.7448826487806
419,80.88319228692997,45.28131914024638,85.2799527118495,324.2395999805497,0.05,-0.01,out_predators_number,-1.94799363308465,258.2803015909277,264.7448826487806
420,81.29102911056195,44.66146801138995,64.9762825530829,319.38920602338135,0.060000000000000005,0.01,out_predators_number,-9.982855363210774,16.314746557479054,274.7277380119914
421,81.75107865916992,44.05392531160765,50.27453603430939,313.5212487209164,0.060000000000000005,0.01,out_predators_number,-9.982855363210774,16.314746557479054,274.7277380119914
422,82.26318275679954,43.45887194548649,39.14238702563146,306.9723229231569,0.060000000000000005,0.01,out_predators_number,-9.982855363210774,16.314746557479054,274.7277380119914
423,82.82724415901184,42.876470212608105,30.68281103180062,299.97578810318436,0.060000000000000005,0.01,out_predators_number,-9.982855363210774,16.314746557479054,274.7277380119914
424,83.4432238943283,42.30686546833265,24.224037745153893,292.70454538692127,0.060000000000000005,0.01,out_predators_number,-9.982855363210774,16.314746557479054,274.7277380119914
425,84.11113860036502,41.75018771033655,19.26600856777593,285.285703448841,0.060000000000000005,0.01,out_predators_number,-9.982855363210774,16.314746557479054,274.7277380119914
426,84.83105784775844,41.206553094372985,15.437382189259099,277.8121621289777,0.07,0.01,out_predators_number,-38.122128977386666,69.39367565849935,236.60560903460473
427,85.60310144363123,40.67606538281308,12.587600648757773,270.35510203459023,0.07,0.01,out_predators_number,-38.122128977386666,69.39367565849935,236.60560903460473
428,86.4274367051036,40.15881732957814,10.340408508195534,262.9648365106679,0.07,0.01,out_predators_number,-38.122128977386666,69.39367565849935,236.60560903460473
429,87.30427569219498,39.654892005096364,8.556997137386515,255.6740254411631,0.07,0.01,out_predators_number,-38.122128977386666,69.39367565849935,236.60560903460473
430,88.23387238838369,39.16436406491058,7.132560737502143,248.5060016202608,0.07,0.01,out_predators_number,-38.122128977386666,69.39367565849935,236.60560903460473
431,89.2165198160642,38.687300965539904,5.987601242017211,241.47716397567598,0.07,0.01,out_predators_number,-38.122128977386666,69.39367565849935,236.60560903460473
432,90.25254707316184,38.22376413115261,5.061514814436408,234.59874754524975,0.08,0.01,out_predators_number,-40.230625620507595,85.19103225872543,196.37498341409713
433,91.34231627622052,37.77381007454963,4.351150902829629,227.87917371168263,0.08,0.01,out_predators_number,-40.230625620507595,85.19103225872543,196.37498341409713
434,92.48621939435498,37.33749147588653,3.7653951645501698,221.32348178319782,0.08,0.01,out_predators_number,-40.230625620507595,85.19103225872543,196.37498341409713
435,93.6846749575567,36.91485822248028,3.279654862161567,214.9334322380325,0.08,0.01,out_predators_number,-40.230625620507595,85.19103225872543,196.37498341409713
436,94.93812462195099,36.505958412957526,2.8746491048696003,208.7093439112331,0.08,0.01,out_predators_number,-40.230625620507595,85.19103225872543,196.37498341409713
437,96.24702957371791,36.11083932890225,2.5351794655202764,202.6504521898454,0.08,0.01,out_predators_number,-40.230625620507595,85.19103225872543,196.37498341409713
438,97.61186675251355,35.729548377056155,2.2492012771368053,196.75518054355078,0.09,0.01,out_predators_number,-35.3493512476025,95.36266547537674,161.02563216649463
439,99.0331248743546,35.36213400501367,2.027290381989704,191.02174668174513,0.09,0.01,out_predators_number,-35.3493512476025,95.36266547537674,161.02563216649463
440,100.51130023306789,35.008646593235106,1.8376333417695365,185.44777039299981,0.09,0.01,out_predators_number,-35.3493512476025,95.36266547537674,161.02563216649463
441,102.04689225855007,34.66913932607505,1.674898330939776,180.03011176417579,0.09,0.01,out_predators_number,-35.3493512476025,95.36266547537674,161.02563216649463
442,103.64039880924844,34.34366904439199,1.5347496835633327,174.7654421867293,0.09,0.01,out_predators_number,-35.3493512476025,95.36266547537674,161.02563216649463
443,105.29231117545976,34.03229708215962,1.4136453686479755,169.65030559764475,0.09,0.01,out_predators_number,-35.3493512476025,95.36266547537674,161.02563216649463
444,107.00310876926686,33.735090089351175,1.3086787203619574,164.68116601708635,0.09999999999999999,0.01,out_predators_number,-30.079556238759437,105.6944300489049,130.9460759277352
445,108.77325347620274,33.45212084319948,1.2296897024551852,159.85464446572064,0.09999999999999999,0.01,out_predators_number,-30.079556238759437,105.6944300489049,130.9460759277352
446,110.60318364306357,33.183469049759005,1.1609775195176602,155.1672919478073,0.09999999999999999,0.01,out_predators_number,-30.079556238759437,105.6944300489049,130.9460759277352
447,112.49330767571013,32.929222137496694,1.1011797540007071,150.6154523038911,0.09999999999999999,0.01,out_predators_number,-30.079556238759437,105.6944300489049,130.9460759277352
448,114.44399722021795,32.68947604442291,1.049157509349257,146.19550885267975,0.09999999999999999,0.01,out_predators_number,-30.079556238759437,105.6944300489049,130.9460759277352
449,116.45557990039121,32.46433600003238,1.003956120007608,141.9038949623566,0.09999999999999999,0.01,out_predators_number,-30.079556238759437,105.6944300489049,130.9460759277352
450,118.52833158447743,32.25391730305565,0.9647734942545343,137.73710211081868,0.09999999999999999,0.0,out_preys_number,-7.788350231774388,117.5635580902229,105.48318480776302
451,120.66246815393885,32.058346095720076,0.9309345106358853,133.691685954118,0.09999999999999999,0.0,out_preys_number,-7.788350231774388,117.5635580902229,105.48318480776302
452,122.85813674740643,31.87776013487985,0.9018702367600967,129.764270810997,0.09999999999999999,0.0,out_preys_number,-7.788350231774388,117.5635580902229,105.48318480776302
453,125.11540645349957,31.71230955999129,0.8771010065681536,125.95155288521838,0.09999999999999999,0.0,out_preys_number,-7.788350231774388,117.5635580902229,105.48318480776302
454,127.43425842710435,31.562157657475563,0.8562225984529034,122.25030248040406,0.09999999999999999,0.0,out_preys_number,-7.788350231774388,117.5635580902229,105.48318480776302
455,129.81457540502774,31.42748162052004,0.8388949164125751,118.6573654098248,0.09999999999999999,0.0,out_preys_number,-7.788350231774388,117.5635580902229,105.48318480776302
456,132.25613059875005,31.308473302812004,0.8248327007609856,115.16966376261728,0.09999999999999999,-0.0,out_preys_number,-13.867739807766156,131.43129789798905,83.86119045980527
457,134.75857594437025,31.20533996406758,0.8137978920583466,111.78419615567877,0.09999999999999999,-0.0,out_preys_number,-13.867739807766156,131.43129789798905,83.86119045980527
458,137.3214296928694,31.11830500450271,0.8055933481344806,108.49803757503211,0.09999999999999999,-0.0,out_preys_number,-13.867739807766156,131.43129789798905,83.86119045980527
459,139.9440633275997,31.047608684583004,0.8000576741087654,105.3083388902684,0.09999999999999999,-0.0,out_preys_number,-13.867739807766156,131.43129789798905,83.86119045980527
460,142.6256878005618,30.993508825474496,0.7970609727976371,102.2123261096133,0.09999999999999999,-0.0,out_preys_number,-13.867739807766156,131.43129789798905,83.86119045980527
461,145.36533908467044,30.956281484583222,0.7965013606204533,99.20729943032828,0.09999999999999999,-0.0,out_preys_number,-13.867739807766156,131.43129789798905,83.86119045980527
462,148.16186304597747,30.936221599410366,0.7983021242048273,96.29063212887449,0.09999999999999999,0.0,out_preys_number,-15.932263023783577,147.36356092177263,65.35441052946413
463,151.01389964784832,30.933643591643644,0.8024094170024709,93.45976932699524,0.09999999999999999,0.0,out_preys_number,-15.932263023783577,147.36356092177263,65.35441052946413
464,153.91986650854085,30.948881921945755,0.808790414634065,90.71222666319649,0.09999999999999999,0.0,out_preys_number,-15.932263023783577,147.36356092177263,65.35441052946413
465,156.87794184467117,30.982291584272115,0.8174318633806849,88.04558889370225,0.09999999999999999,0.0,out_preys_number,-15.932263023783577,147.36356092177263,65.35441052946413
466,159.8860468458364,31.034248526741056,0.8283389690061346,85.45750844257338,0.09999999999999999,0.0,out_preys_number,-15.932263023783577,147.36356092177263,65.35441052946413
467,162.9418275403851,31.105149984080104,0.8415345835376983,82.94570391710783,0.09999999999999999,0.0,out_preys_number,-15.932263023783577,147.36356092177263,65.35441052946413
468,166.04263622914826,31.19541470447095,0.857058656231387,80.50795860172167,0.09999999999999999,-0.0,out_preys_number,-17.822016651144253,165.18557757291688,49.31254389725072
469,169.18551258304225,31.3054830512084,0.874967922080448,78.14211894112398,0.09999999999999999,-0.0,out_preys_number,-17.822016651144253,165.18557757291688,49.31254389725072
470,172.36716452199056,31.435816956972594,0.8953358071934335,75.84609302163935,0.09999999999999999,-0.0,out_preys_number,-17.822016651144253,165.18557757291688,49.31254389725072
471,175.58394901673964,31.586899705689458,0.9182525354104157,73.61784905792054,0.09999999999999999,-0.0,out_preys_number,-17.822016651144253,165.18557757291688,49.31254389725072
472,178.83185298194965,31.759235513934957,0.9438254248354024,71.45541389096748,0.09999999999999999,-0.0,out_preys_number,-17.822016651144253,165.18557757291688,49.31254389725072
473,182.10647445854545,31.953348880638348,0.9721793666949162,69.35687150227302,0.09999999999999999,-0.0,out_preys_number,-17.822016651144253,165.18557757291688,49.31254389725072
474,185.40300431567618,32.16978367049098,1.0034574822130675,67.32036154801116,0.09999999999999999,0.0,out_preys_number,-19.213969260546236,184.39954683346312,35.150577877520185
475,188.7162087377609,32.409101893010025,1.0378219561254558,65.34407791643467,0.09999999999999999,0.0,out_preys_number,-19.213969260546236,184.39954683346312,35.150577877520185
476,192.04041279979438,32.67188213570128,1.0754550481230276,63.426267311029726,0.09999999999999999,0.0,out_preys_number,-19.213969260546236,184.39954683346312,35.150577877520185
477,195.36948547410995,32.95871760628997,1.1165602859936463,61.56522786146122,0.09999999999999999,0.0,out_preys_number,-19.213969260546236,184.39954683346312,35.150577877520185
478,198.69682645373436,33.27021373564255,1.1613638465735674,59.75930776391929,0.09999999999999999,0.0,out_preys_number,-19.213969260546236,184.39954683346312,35.150577877520185
479,202.01535522072737,33.606985289916594,1.2101161328847365,58.00690395212617,0.09999999999999999,0.0,out_preys_number,-19.213969260546236,184.39954683346312,35.150577877520185
480,205.31750283170425,33.96965293780257,1.2630935580614575,56.30646079997382,0.09999999999999999,-0.0,out_preys_number,-19.65486244017967,204.0544092736428,22.33680786217125
481,208.59520693605137,34.35883921665516,1.320600548901352,54.65646885652501,0.09999999999999999,-0.0,out_preys_number,-19.65486244017967,204.0544092736428,22.33680786217125
482,211.83991058388906,34.775163840075386,1.3829717841464055,53.0554636139173,0.09999999999999999,-0.0,out_preys_number,-19.65486244017967,204.0544092736428,22.33680786217125
483,215.0425654190109,35.219238289362906,1.4505746849435586,51.50202430855192,0.09999999999999999,-0.0,out_preys_number,-19.65486244017967,204.0544092736428,22.33680786217125
484,218.19363988492185,35.691659632512646,1.5238121773819566,49.994772755823504,0.09999999999999999,-0.0,out_preys_number,-19.65486244017967,204.0544092736428,22.33680786217125
485,221.28313309748458,36.19300351742009,1.6031257495858584,48.5323722185485,0.09999999999999999,-0.0,out_preys_number,-19.65486244017967,204.0544092736428,22.33680786217125
486,224.30059505294224,36.72381629105604,1.6889988285880253,47.11352630917294,0.09999999999999999,0.0,out_preys_number,-18.55718695071144,222.61159622435423,10.3897100181169
487,227.23515384233903,37.28460620397258,1.7819605051477303,45.736977925785816,0.09999999999999999,0.0,out_preys_number,-18.55718695071144,222.61159622435423,10.3897100181169
488,230.07555052939256,37.875833670020505,1.8825896378407412,44.40150822192444,0.09999999999999999,0.0,out_preys_number,-18.55718695071144,222.61159622435423,10.3897100181169
489,232.81018231526892,38.49790056500387,1.9915193711667567,43.105935610137074,0.09999999999999999,0.0,out_preys_number,-18.55718695071144,222.61159622435423,10.3897100181169
490,235.42715455693428,39.15113856555799,2.109442106125286,41.84911479925829,0.09999999999999999,0.0,out_preys_number,-18.55718695071144,222.61159622435423,10.3897100181169
491,237.9143421223062,39.83579655114953,2.237114965738042,40.62993586535871,0.09999999999999999,0.0,out_preys_number,-18.55718695071144,222.61159622435423,10.3897100181169
492,240.25946045198143,40.55202711801198,2.3753658023806388,39.44732335634584,0.09999999999999999,-0.0,out_preys_number,-15.272498425246567,237.8840946496008,1.104703761666137
493,242.4501465510427,41.29987228417198,2.5250997985671764,38.30023543022239,0.09999999999999999,-0.0,out_preys_number,-15.272498425246567,237.8840946496008,1.104703761666137
494,244.47404995319616,42.07924849944482,2.6873067180494075,37.18766302704823,0.09999999999999999,-0.0,out_preys_number,-15.272498425246567,237.8840946496008,1.104703761666137
495,246.31893348219975,42.88993111311394,2.8630688697912707,36.10862907470292,0.09999999999999999,-0.0,out_preys_number,-15.272498425246567,237.8840946496008,1.104703761666137
496,247.97278338251223,43.73153849441854,3.0535698536072786,35.06218772860983,0.09999999999999999,-0.0,out_preys_number,-15.272498425246567,237.8840946496008,1.104703761666137
497,249.4239281044162,44.60351604609682,3.2601041630597285,34.04742364565781,0.09999999999999999,-0.0,out_preys_number,-15.272498425246567,237.8840946496008,1.104703761666137
498,250.66116471272167,45.505120397850106,3.484087728649869,33.06345129264548,0.09999999999999999,0.0,out_preys_number,-9.292982334470992,247.1770769840718,12.441669105204625
499,251.67389154914758,46.4354041131012,3.7270694924697816,32.10941428967623,0.09999999999999999,0.0,out_preys_number,-9.292982334470992,247.1770769840718,12.441669105204625
500,252.45224542583205,47.39320128681857,3.990744114367869,31.18448478905136,0.09999999999999999,0.0,out_preys_number,-9.292982334470992,247.1770769840718,12.441669105204625
501,252.98724127307403,48.37711445210022,4.276965919387799,30.28786289034556,0.09999999999999999,0.0,out_preys_number,-9.292982334470992,247.1770769840718,12.441669105204625
502,253.27091182291457,49.38550324597027,4.5877642068402915,29.41877609250552,0.09999999999999999,0.0,out_preys_number,-9.292982334470992,247.1770769840718,12.441669105204625
503,253.29644459839008,50.41647530754274,4.925360052934665,28.57647878399283,0.09999999999999999,0.0,out_preys_number,-9.292982334470992,247.1770769840718,12.441669105204625
504,253.058313214804,51.46787989135599,5.292184751513246,27.76025177219794,0.09999999999999999,-0.0,out_preys_number,-0.5890514792189663,247.76612846329076,23.707628119158052
505,252.5523998036742,52.53730467241012,5.690900051180935,26.969401853588465,0.09999999999999999,-0.0,out_preys_number,-0.5890514792189663,247.76612846329076,23.707628119158052
506,251.776105261384,53.62207619467315,6.124420362093512,26.20326142632598,0.09999999999999999,-0.0,out_preys_number,-0.5890514792189663,247.76612846329076,23.707628119158052
507,250.7284440207472,54.71926436956585,6.595937121953781,25.46118814739845,0.09999999999999999,-0.0,out_preys_number,-0.5890514792189663,247.76612846329076,23.707628119158052
508,249.41012015941072,55.82569136400169,7.108945528459793,24.742564636674274,0.09999999999999999,-0.0,out_preys_number,-0.5890514792189663,247.76612846329076,23.707628119158052
509,247.82358190447835,56.937945128813524,7.6672738646515795,24.046798230700357,0.09999999999999999,-0.0,out_preys_number,-0.5890514792189663,247.76612846329076,23.707628119158052
510,245.97305197210736,58.05239770896943,8.275115664409439,23.373320789547034,0.09999999999999999,-0.0,out_preys_number,-10.06819215559284,237.69793630769792,34.6790769194224
511,243.86453169119685,59.16522834937273,8.937064987864726,22.72158856056195,0.09999999999999999,-0.0,out_preys_number,-10.06819215559284,237.69793630769792,34.6790769194224
512,241.50577749067088,60.27245126819764,9.65815510078531,22.091082103543844,0.09999999999999999,-0.0,out_preys_number,-10.06819215559284,237.69793630769792,34.6790769194224
513,238.90624906115428,61.36994781891899,10.443900878178301,21.48130628260473,0.09999999999999999,-0.0,out_preys_number,-10.06819215559284,237.69793630769792,34.6790769194224
514,236.07702930710926,62.45350260889437,11.300345280485809,20.89179033087459,0.09999999999999999,-0.0,out_preys_number,-10.06819215559284,237.69793630769792,34.6790769194224
515,233.03071705113828,63.51884299381287,12.234110280892184,20.322087995239503,0.09999999999999999,-0.0,out_preys_number,-10.06819215559284,237.69793630769792,34.6790769194224
516,229.7812942997,64.56168123119025,13.252452654446722,19.771777769522384,0.09999999999999999,-0.0,out_preys_number,-21.16909466244465,216.52884164525327,44.78990346166786
517,226.34397068796633,65.57775845988569,14.363325073932597,19.240463225950176,0.09999999999999999,-0.0,out_preys_number,-21.16909466244465,216.52884164525327,44.78990346166786
518,222.7350084502655,66.56288958318035,15.575442993635825,18.727773456444208,0.09999999999999999,-0.0,out_preys_number,-21.16909466244465,216.52884164525327,44.78990346166786
519,218.9715318740302,67.51300807591744,16.898357840281626,18.233363637273335,0.09999999999999999,-0.0,out_preys_number,-21.16909466244465,216.52884164525327,44.78990346166786
520,215.07132565787964,68.42420971547374,18.34253707022425,17.756915732986247,0.09999999999999999,-0.0,out_preys_number,-21.16909466244465,216.52884164525327,44.78990346166786
521,211.0526268852742,69.29279425382667,19.919451693213002,17.298139358365017,0.09999999999999999,-0.0,out_preys_number,-21.16909466244465,216.52884164525327,44.78990346166786
522,206.93391543106142,70.11530410334623,21.641671905289275,16.856772820512123,0.09999999999999999,-0.0,out_preys_number,-31.23659811948113,185.29224352577214,53.25853128283411
523,202.73370753710955,70.8885591996344,23.522971516001796,16.4325843672117,0.09999999999999999,-0.0,out_preys_number,-31.23659811948113,185.29224352577214,53.25853128283411
524,198.4703570340346,71.60968732612541,25.578441897340753,16.025373672536297,0.09999999999999999,-0.0,out_preys_number,-31.23659811948113,185.29224352577214,53.25853128283411
525,194.16186826770587,72.2761493309531,27.824616222481144,15.634973596477398,0.09999999999999999,-0.0,out_preys_number,-31.23659811948113,185.29224352577214,53.25853128283411
526,189.82572423903437,72.88575882923472,30.279604800114644,15.261252262380115,0.09999999999999999,-0.0,out_preys_number,-31.23659811948113,185.29224352577214,53.25853128283411
527,185.47873281678227,73.43669615523113,32.96324234289204,14.904115504430964,0.09999999999999999,-0.0,out_preys_number,-31.23659811948113,185.29224352577214,53.25853128283411
528,181.1368931724207,73.92751650054521,35.89724803373721,14.563509747720966,0.09999999999999999,-0.0,out_preys_number,-40.052598387088636,145.2396451386835,59.364006752824245
529,176.81528385069123,74.35715233883809,39.10539926819424,14.239425395909588,0.09999999999999999,-0.0,out_preys_number,-40.052598387088636,145.2396451386835,59.364006752824245
530,172.52797316488596,74.72491038765125,42.61371995019329,13.931900816783559,0.09999999999999999,-0.0,out_preys_number,-40.052598387088636,145.2396451386835,59.364006752824245
531,168.28795192332936,75.03046348833074,46.45068419704216,13.641027034712005,0.09999999999999999,-0.0,out_preys_number,-40.052598387088636,145.2396451386835,59.364006752824245
532,164.10708787887356,75.27383789181684,50.64743625977446,13.366953262005314,0.09999999999999999,-0.0,out_preys_number,-40.052598387088636,145.2396451386835,59.364006752824245
533,159.99610076557482,75.45539651888024,55.23802737777658,13.109893429577681,0.09999999999999999,-0.0,out_preys_number,-40.052598387088636,145.2396451386835,59.364006752824245
534,155.96455635831188,75.5758188175444,60.25967014964454,12.870133912490669,0.09999999999999999,-0.0,out_preys_number,-49.53475893001615,95.70488620866735,62.70568490505373
535,152.02087766740763,75.63607786865732,65.75301079965116,12.648042689707907,0.09999999999999999,-0.0,out_preys_number,-49.53475893001615,95.70488620866735,62.70568490505373
536,148.17237116069364,75.63741539478748,71.76241943048036,12.444080232030723,0.09999999999999999,-0.0,out_preys_number,-49.53475893001615,95.70488620866735,62.70568490505373
537,144.4252657841878,75.5813153106652,78.33629795129974,12.258812480705599,0.09999999999999999,-0.0,out_preys_number,-49.53475893001615,95.70488620866735,62.70568490505373
538,140.78476251995846,75.46947641871819,85.5274048210099,12.0929263654911,0.09999999999999999,-0.0,out_preys_number,-49.53475893001615,95.70488620866735,62.70568490505373
539,137.255092263473,75.30378480465203,93.39319500422019,11.947248420133498,0.09999999999999999,-0.0,out_preys_number,-49.53475893001615,95.70488620866735,62.70568490505373
540,133.83957990885133,75.08628642931208,101.99617254270431,11.822767191906935,0.09999999999999999,0.0,out_predators_number,-3.5840911424241426,31.84340736614702,63.26351923740515
541,130.54071268464116,74.81916034793048,111.404251819724,11.720660318929415,0.09999999999999999,0.0,out_predators_number,-3.5840911424241426,31.84340736614702,63.26351923740515
542,127.360210971029,74.50469291963024,121.69112183584409,11.64232737602834,0.09999999999999999,0.0,out_predators_number,-3.5840911424241426,31.84340736614702,63.26351923740515
543,124.2991000389327,74.14525330163893,132.93660548676675,11.589429882498775,0.09999999999999999,0.0,out_predators_number,-3.5840911424241426,31.84340736614702,63.26351923740515
544,121.35778137085939,73.7432704564442,145.22700275598496,11.563940243868764,0.09999999999999999,0.0,out_predators_number,-3.5840911424241426,31.84340736614702,63.26351923740515
545,118.53610244319592,73.30121183796346,158.65540266769554,11.568201892501435,0.09999999999999999,0.0,out_predators_number,-3.5840911424241426,31.84340736614702,63.26351923740515
546,115.8334240621044,72.82156386605172,173.32194346782973,11.605003535845725,0.09999999999999999,0.0,out_predators_number,-2.046958907199155,57.48851940572533,61.21656033020599
547,113.24868454462498,72.30681424821064,189.33399338360445,11.67767126678069,0.09999999999999999,0.0,out_predators_number,-2.046958907199155,57.48851940572533,61.21656033020599
